semSort,id,card,level,businessTerm,businessTerm_ja,dataType,synSort,element,synDatatype,xPath,occur
1000,ibg-00,1..1,0,Invoice,デジタルインボイス,,1000,ubl:Invoice,InvoiceType,/ubl:Invoice,1..1
1010,ibt-001,1..1,1,Invoice number,請求書番号,Identifier,1030,cbc:ID,udt:IdentifierType,/ubl:Invoice/cbc:ID,1..1
1020,ibt-002,1..1,1,Invoice issue date,請求書発行日,Date,1040,cbc:IssueDate,udt:DateType,/ubl:Invoice/cbc:IssueDate,1..1
1030,ibt-168,0..1,1,Invoice issue time,請求書発行時刻,Time,1050,cbc:IssueTime,udt:TimeType,/ubl:Invoice/cbc:IssueTime,0..1
1040,ibt-003,1..1,1,Invoice type code,請求書タイプコード,Code,1070,cbc:InvoiceTypeCode,udt:CodeType,/ubl:Invoice/cbc:InvoiceTypeCode,0..1
1050,ibt-005,1..1,1,Invoice currency code,請求書通貨コード,Code,1100,cbc:DocumentCurrencyCode,udt:CodeType,/ubl:Invoice/cbc:DocumentCurrencyCode,0..1
1060,ibt-006,0..1,1,Tax accounting currency,税会計報告用通貨コード,Code,1110,cbc:TaxCurrencyCode,udt:CodeType,/ubl:Invoice/cbc:TaxCurrencyCode,0..1
1070,ibt-007,0..1,1,TAX point date,課税基準日,Date,1090,cbc:TaxPointDate,udt:DateType,/ubl:Invoice/cbc:TaxPointDate,0..1
1080,ibt-008,0..1,1,TAX point date code,課税基準日コード,Code,1170,cbc:DescriptionCode,udt:CodeType,/ubl:Invoice/cac:InvoicePeriod/cbc:DescriptionCode,0..n
1090,ibt-009,0..1,1,Payment due date,支払期日,Date,1060,cbc:DueDate,udt:DateType,/ubl:Invoice/cbc:DueDate,0..1
1100,ibt-010,0..1,1,Buyer reference,買い手参照,Text,1130,cbc:BuyerReference,udt:TextType,/ubl:Invoice/cbc:BuyerReference,0..1
1110,ibt-011,0..1,1,Project reference,プロジェクト参照,Document Reference,1460,cbc:ID,udt:IdentifierType,/ubl:Invoice/cac:ProjectReference/cbc:ID,1..1
1120,ibt-012,0..1,1,Contract reference,契約書参照,Document Reference,1320,cbc:ID,udt:IdentifierType,/ubl:Invoice/cac:ContractDocumentReference/cbc:ID,1..1
1130,ibt-013,0..1,1,Purchase order reference,購買発注参照,Document Reference,1190,cbc:ID,udt:IdentifierType,/ubl:Invoice/cac:OrderReference/cbc:ID,1..1
1140,ibt-014,0..1,1,Sales order reference,受注参照,Document Reference,1200,cbc:SalesOrderID,udt:IdentifierType,/ubl:Invoice/cac:OrderReference/cbc:SalesOrderID,0..1
1150,ibt-015,0..1,1,Receiving advice reference,受取通知書参照,Document Reference,1280,cbc:ID,udt:IdentifierType,/ubl:Invoice/cac:ReceiptDocumentReference/cbc:ID,1..1
1160,ibt-016,0..1,1,Despatch advice reference,出荷案内書参照,Document Reference,1260,cbc:ID,udt:IdentifierType,/ubl:Invoice/cac:DespatchDocumentReference/cbc:ID,1..1
1170,ibt-017,0..1,1,Tender or lot reference,入札又はロット参照,Document Reference,1300,cbc:ID,udt:IdentifierType,/ubl:Invoice/cac:OriginatorDocumentReference/cbc:ID,1..1
1180,ibt-018,0..1,1,Invoiced object identifier,請求するオブジェクトID,Identifier,1340,cbc:ID,udt:IdentifierType,/ubl:Invoice/cac:AdditionalDocumentReference[cbc:DocumentTypeCode='130']/cbc:ID,1..1
1190,ibt-018-1,0..1,1,The identification scheme identifier of the Invoiced object identifier.,請求するオブジェクトIDのスキーマID,String,1350,@schemeID,xsd:normalizedString,/ubl:Invoice/cac:AdditionalDocumentReference[cbc:DocumentTypeCode='130']/cbc:ID/@schemeID,0..1
1200,ibt-019,0..1,1,Buyer accounting reference,買い手会計参照,Text,1120,cbc:AccountingCost,udt:TextType,/ubl:Invoice/cbc:AccountingCost,0..1
1210,ibg-33,0..n,1,INVOICE TERMS,支払条件,,2920,cac:PaymentTerms,cac:PaymentTermsType,/ubl:Invoice/cac:PaymentTerms,0..n
1220,ibt-187,0..1,2,Terms payment instructions ID,支払条件指示ID,Identifier,2930,cbc:PaymentMeansID,udt:IdentifierType,/ubl:Invoice/cac:PaymentTerms/cbc:PaymentMeansID,0..n
1230,ibt-020,0..1,2,Payment terms,支払条件,Text,2940,cbc:Note,udt:TextType,/ubl:Invoice/cac:PaymentTerms/cbc:Note,0..n
1240,ibt-176,0..1,2,Terms amount,支払条件金額,Amount,2950,cbc:Amount,udt:AmountType,/ubl:Invoice/cac:PaymentTerms/cbc:Amount,0..1
1250,ibt-177,0..1,2,Terms installment due date,分割支払支払期日,Date,2960,cbc:InstallmentDueDate,udt:DateType,/ubl:Invoice/cac:PaymentTerms/cbc:InstallmentDueDate,0..1
1260,ibt-022,0..1,1,Invoice note,請求書注釈内容,Text,1080,cbc:Note,udt:TextType,/ubl:Invoice/cbc:Note,0..n
1270,ibg-02,1..1,1,PROCESS CONTROL,プロセスコントロール,,4570,_,_,_,_
1280,ibt-023,1..1,1,Business process type,ビジネスプロセスタイプ,Text,1020,cbc:ProfileID,udt:IdentifierType,/ubl:Invoice/cbc:ProfileID,0..1
1290,ibt-024,1..1,1,Specification identifier,仕様ID,Identifier,1010,cbc:CustomizationID,udt:IdentifierType,/ubl:Invoice/cbc:CustomizationID,0..1
1300,ibg-03,0..n,1,PRECEDING INVOICE REFERENCE,先行請求書への参照,,1210,cac:BillingReference,cac:BillingReferenceType,/ubl:Invoice/cac:BillingReference,0..n
1310,ibt-025,1..1,2,Preceding Invoice reference,先行請求書への参照,Document Reference,1230,cbc:ID,udt:IdentifierType,/ubl:Invoice/cac:BillingReference/cac:InvoiceDocumentReference/cbc:ID,1..1
1320,ibt-026,0..1,2,Preceding Invoice issue date,先行請求書発行日,Date,1240,cbc:IssueDate,udt:DateType,/ubl:Invoice/cac:BillingReference/cac:InvoiceDocumentReference/cbc:IssueDate,0..1
1330,ibg-04,1..1,1,SELLER,売り手,,1470,cac:AccountingSupplierParty,cac:SupplierPartyType,/ubl:Invoice/cac:AccountingSupplierParty,1..1
1340,ibt-027,1..1,2,Seller name,売り手名称,Text,1780,cbc:RegistrationName,udt:NameType,/ubl:Invoice/cac:AccountingSupplierParty/cac:Party/cac:PartyLegalEntity/cbc:RegistrationName,0..1
1350,ibt-028,0..1,2,Seller trading name,売り手商号,Text,1580,cbc:Name,udt:NameType,/ubl:Invoice/cac:AccountingSupplierParty/cac:Party/cac:PartyName/cbc:Name,1..1
1360,ibt-029,0..n,2,Seller identifier,売り手ID,Identifier,1550,cbc:ID,udt:IdentifierType,/ubl:Invoice/cac:AccountingSupplierParty/cac:Party/cac:PartyIdentification/cbc:ID[not(@schemeID='SEPA')],1..1
1370,ibt-029-1,0..1,3,Seller identifier Scheme identifier,スキーマID,String,1560,@schemeID,xsd:normalizedString,/ubl:Invoice/cac:AccountingSupplierParty/cac:Party/cac:PartyIdentification/cbc:ID[not(@schemeID='SEPA')]/@schemeID,0..1
1380,ibt-030,0..1,2,Seller legal registration identifier,売り手法人ID,Identifier,1790,cbc:CompanyID,udt:IdentifierType,/ubl:Invoice/cac:AccountingSupplierParty/cac:Party/cac:PartyLegalEntity/cbc:CompanyID,0..1
1390,ibt-030-1,0..1,3,Seller legal registration identifier Scheme identifier,スキーマID,String,1800,@schemeID,xsd:normalizedString,/ubl:Invoice/cac:AccountingSupplierParty/cac:Party/cac:PartyLegalEntity/cbc:CompanyID/@schemeID,0..1
1400,ibt-031,0..1,2,Seller TAX identifier,売り手税ID,Identifier,1700,cbc:CompanyID,udt:IdentifierType,/ubl:Invoice/cac:AccountingSupplierParty/cac:Party/cac:PartyTaxScheme[cac:TaxScheme/cbc:ID='VAT']/cbc:CompanyID/@schemeID,0..1
1405,ibt-031-1,0..1,3,Seller TAX identifier Scheme identifier,スキーマID,String,1701,@schemeID,xsd:normalizedString,/ubl:Invoice/cac:AccountingSupplierParty/cac:Party/cac:PartyTaxScheme[cac:TaxScheme/cbc:ID='VAT']/cbc:CompanyID,0..1
1410,ibt-032,0..1,2,Seller TAX registration identifier,売り手税登録ID,Identifier,1740,cbc:CompanyID,udt:IdentifierType,/ubl:Invoice/cac:AccountingSupplierParty/cac:Party/cac:PartyTaxScheme[cac:TaxScheme/cbc:ID!='VAT']/cbc:CompanyID,0..1
1415,ibt-032-1,0..1,3,Seller TAX registration identifier Scheme identifier,スキーマID,String,1741,@schemeID,xsd:normalizedString,/ubl:Invoice/cac:AccountingSupplierParty/cac:Party/cac:PartyTaxScheme[cac:TaxScheme/cbc:ID!='VAT']/cbc:CompanyID/@schemeID,0..1
1420,ibt-033,0..1,2,Seller additional legal information,売り手追加法的情報,Text,1810,cbc:CompanyLegalForm,udt:TextType,/ubl:Invoice/cac:AccountingSupplierParty/cac:Party/cac:PartyLegalEntity/cbc:CompanyLegalForm,0..1
1430,ibt-034,1..1,2,Seller electronic address,売り手電子アドレス,Identifier,1490,cbc:EndpointID,udt:IdentifierType,/ubl:Invoice/cac:AccountingSupplierParty/cac:Party/cbc:EndpointID,0..1
1440,ibt-034-1,1..1,3,Seller electronic address Scheme identifier,スキーマID,String,1500,@schemeID,xsd:normalizedString,/ubl:Invoice/cac:AccountingSupplierParty/cac:Party/cbc:EndpointID/@schemeID,0..1
1450,ibt-090,0..1,3,Bank assigned creditor identifier,銀行が採番した債権者の識別子,Identifier,1520,cbc:ID,udt:IdentifierType,/ubl:Invoice/cac:AccountingSupplierParty/cac:Party/cac:PartyIdentification/cbc:ID[@schemeID='SEPA'],1..1
1460,ibg-05,1..1,2,SELLER POSTAL ADDRESS,売り手住所,,1590,cac:PostalAddress,cac:AddressType,/ubl:Invoice/cac:AccountingSupplierParty/cac:Party/cac:PostalAddress,0..1
1470,ibt-035,0..1,3,Seller address line 1,売り手住所欄1,Text,1600,cbc:StreetName,udt:NameType,/ubl:Invoice/cac:AccountingSupplierParty/cac:Party/cac:PostalAddress/cbc:StreetName,0..1
1480,ibt-036,0..1,3,Seller address line 2,売り手住所欄2,Text,1610,cbc:AdditionalStreetName,udt:NameType,/ubl:Invoice/cac:AccountingSupplierParty/cac:Party/cac:PostalAddress/cbc:AdditionalStreetName,0..1
1490,ibt-162,0..1,3,Seller address line 3,売り手住所欄3,Text,1660,cbc:Line,udt:TextType,/ubl:Invoice/cac:AccountingSupplierParty/cac:Party/cac:PostalAddress/cac:AddressLine/cbc:Line,1..1
1500,ibt-037,0..1,3,Seller city,売り手住所 市区町村,Text,1620,cbc:CityName,udt:NameType,/ubl:Invoice/cac:AccountingSupplierParty/cac:Party/cac:PostalAddress/cbc:CityName,0..1
1510,ibt-038,0..1,3,Seller post code,売り手郵便番号,Text,1630,cbc:PostalZone,udt:TextType,/ubl:Invoice/cac:AccountingSupplierParty/cac:Party/cac:PostalAddress/cbc:PostalZone,0..1
1520,ibt-039,0..1,3,Seller country subdivision,売り手住所 都道府県,Text,1640,cbc:CountrySubentity,udt:TextType,/ubl:Invoice/cac:AccountingSupplierParty/cac:Party/cac:PostalAddress/cbc:CountrySubentity,0..1
1530,ibt-040,1..1,3,Seller country code,売り手国コード,Code,1680,cbc:IdentificationCode,udt:CodeType,/ubl:Invoice/cac:AccountingSupplierParty/cac:Party/cac:PostalAddress/cac:Country/cbc:IdentificationCode,0..1
1540,ibg-06,0..1,2,SELLER CONTACT,売り手連絡先,,1820,cac:Contact,cac:ContactType,/ubl:Invoice/cac:AccountingSupplierParty/cac:Party/cac:Contact,0..1
1550,ibt-041,0..1,3,Seller contact point,売り手連絡先,Text,1830,cbc:Name,udt:NameType,/ubl:Invoice/cac:AccountingSupplierParty/cac:Party/cac:Contact/cbc:Name,0..1
1560,ibt-042,0..1,3,Seller contact telephone number,売り手連絡先電話番号,Text,1840,cbc:Telephone,udt:TextType,/ubl:Invoice/cac:AccountingSupplierParty/cac:Party/cac:Contact/cbc:Telephone,0..1
1570,ibt-043,0..1,3,Seller contact email address,売り手連絡先電子メールアドレス,Text,1850,cbc:ElectronicMail,udt:TextType,/ubl:Invoice/cac:AccountingSupplierParty/cac:Party/cac:Contact/cbc:ElectronicMail,0..1
1580,ibg-07,1..1,1,BUYER,買い手,,1860,cac:AccountingCustomerParty,cac:CustomerPartyType,/ubl:Invoice/cac:AccountingCustomerParty,1..1
1590,ibt-044,1..1,2,Buyer name,買い手名称,Text,2110,cbc:RegistrationName,udt:NameType,/ubl:Invoice/cac:AccountingCustomerParty/cac:Party/cac:PartyLegalEntity/cbc:RegistrationName,0..1
1600,ibt-045,0..1,2,Buyer trading name,買い手商号,Text,1940,cbc:Name,udt:NameType,/ubl:Invoice/cac:AccountingCustomerParty/cac:Party/cac:PartyName/cbc:Name,1..1
1610,ibt-046,0..1,2,Buyer identifier,買い手ID,Identifier,1910,cbc:ID,udt:IdentifierType,/ubl:Invoice/cac:AccountingCustomerParty/cac:Party/cac:PartyIdentification/cbc:ID,1..1
1620,ibt-046-1,0..1,3,Buyer identifier Scheme identifier,スキーマID,String,1920,@schemeID,xsd:normalizedString,/ubl:Invoice/cac:AccountingCustomerParty/cac:Party/cac:PartyIdentification/cbc:ID/@schemeID,0..1
1630,ibt-047,0..1,2,Buyer legal registration identifier,買い手法人ID,Identifier,2120,cbc:CompanyID,udt:IdentifierType,/ubl:Invoice/cac:AccountingCustomerParty/cac:Party/cac:PartyLegalEntity/cbc:CompanyID,0..1
1640,ibt-047-1,0..1,3,Buyer legal registration identifier Scheme identifier,スキーマID,String,2130,@schemeID,xsd:normalizedString,/ubl:Invoice/cac:AccountingCustomerParty/cac:Party/cac:PartyLegalEntity/cbc:CompanyID/@schemeID,0..1
1650,ibt-048,0..1,2,Buyer TAX identifier,買い手税ID,Identifier,2060,cbc:CompanyID,udt:IdentifierType,/ubl:Invoice/cac:AccountingCustomerParty/cac:Party/cac:PartyTaxScheme/cbc:CompanyID,0..1
1660,ibt-049,1..1,2,Buyer electronic address,買い手電子アドレス,Identifier,1880,cbc:EndpointID,udt:IdentifierType,/ubl:Invoice/cac:AccountingCustomerParty/cac:Party/cbc:EndpointID,0..1
1670,ibt-049-1,1..1,3,Buyer electronic address Scheme identifier,スキーマID,String,1890,@schemeID,xsd:normalizedString,/ubl:Invoice/cac:AccountingCustomerParty/cac:Party/cbc:EndpointID/@schemeID,0..1
1680,ibg-08,1..1,2,BUYER POSTAL ADDRESS,買い手住所,,1950,cac:PostalAddress,cac:AddressType,/ubl:Invoice/cac:AccountingCustomerParty/cac:Party/cac:PostalAddress,0..1
1690,ibt-050,0..1,3,Buyer address line 1,買い手住所欄1,Text,1960,cbc:StreetName,udt:NameType,/ubl:Invoice/cac:AccountingCustomerParty/cac:Party/cac:PostalAddress/cbc:StreetName,0..1
1700,ibt-051,0..1,3,Buyer address line 2,買い手住所欄2,Text,1970,cbc:AdditionalStreetName,udt:NameType,/ubl:Invoice/cac:AccountingCustomerParty/cac:Party/cac:PostalAddress/cbc:AdditionalStreetName,0..1
1710,ibt-163,0..1,3,Buyer address line 3,買い手住所欄3,Text,2020,cbc:Line,udt:TextType,/ubl:Invoice/cac:AccountingCustomerParty/cac:Party/cac:PostalAddress/cac:AddressLine/cbc:Line,1..1
1720,ibt-052,0..1,3,Buyer city,買い手住所 市区町村,Text,1980,cbc:CityName,udt:NameType,/ubl:Invoice/cac:AccountingCustomerParty/cac:Party/cac:PostalAddress/cbc:CityName,0..1
1730,ibt-053,0..1,3,Buyer post code,買い手郵便番号,Text,1990,cbc:PostalZone,udt:TextType,/ubl:Invoice/cac:AccountingCustomerParty/cac:Party/cac:PostalAddress/cbc:PostalZone,0..1
1740,ibt-054,0..1,3,Buyer country subdivision,買い手住所 都道府県,Text,2000,cbc:CountrySubentity,udt:TextType,/ubl:Invoice/cac:AccountingCustomerParty/cac:Party/cac:PostalAddress/cbc:CountrySubentity,0..1
1750,ibt-055,1..1,3,Buyer country code,買い手国コード,Code,2040,cbc:IdentificationCode,udt:CodeType,/ubl:Invoice/cac:AccountingCustomerParty/cac:Party/cac:PostalAddress/cac:Country/cbc:IdentificationCode,0..1
1760,ibg-09,0..1,2,BUYER CONTACT,買い手連絡先,,2140,cac:Contact,cac:ContactType,/ubl:Invoice/cac:AccountingCustomerParty/cac:Party/cac:Contact,0..1
1770,ibt-056,0..1,3,Buyer contact point,買い手連絡先,Text,2150,cbc:Name,udt:NameType,/ubl:Invoice/cac:AccountingCustomerParty/cac:Party/cac:Contact/cbc:Name,0..1
1780,ibt-057,0..1,3,Buyer contact telephone number,買い手連絡先電話番号,Text,2160,cbc:Telephone,udt:TextType,/ubl:Invoice/cac:AccountingCustomerParty/cac:Party/cac:Contact/cbc:Telephone,0..1
1790,ibt-058,0..1,3,Buyer contact email address,買い手連絡先電子メールアドレス,Text,2170,cbc:ElectronicMail,udt:TextType,/ubl:Invoice/cac:AccountingCustomerParty/cac:Party/cac:Contact/cbc:ElectronicMail,0..1
1800,ibg-10,0..1,1,PAYEE,支払先,,2180,cac:PayeeParty,cac:PartyType,/ubl:Invoice/cac:PayeeParty,0..1
1810,ibt-059,1..1,2,Payee name,支払先名称,Text,2230,cbc:Name,udt:NameType,/ubl:Invoice/cac:PayeeParty/cac:PartyName/cbc:Name,1..1
1820,ibt-060,0..1,2,Payee identifier,支払先ID,Identifier,2200,cbc:ID,udt:IdentifierType,/ubl:Invoice/cac:PayeeParty/cac:PartyIdentification/cbc:ID,1..1
1830,ibt-060-1,0..1,2,Payee identifier Scheme identifier,スキーマID,String,2210,@schemeID,xsd:normalizedString,/ubl:Invoice/cac:PayeeParty/cac:PartyIdentification/cbc:ID/@schemeID,0..1
1840,ibt-061,0..1,2,Payee legal registration identifier,支払先登録企業ID,Identifier,2250,cbc:CompanyID,udt:IdentifierType,/ubl:Invoice/cac:PayeeParty/cac:PartyLegalEntity/cbc:CompanyID,0..1
1850,ibt-061-1,0..1,3,Payee legal registration identifier Scheme identifier,スキーマID,String,2260,@schemeID,xsd:normalizedString,/ubl:Invoice/cac:PayeeParty/cac:PartyLegalEntity/cbc:CompanyID/@schemeID,0..1
1860,ibg-11,0..1,1,SELLER TAX REPRESENTATIVE PARTY,売り手税務代理人,,2270,cac:TaxRepresentativeParty,cac:PartyType,/ubl:Invoice/cac:TaxRepresentativeParty,0..1
1870,ibt-062,1..1,2,Seller tax representative name,売り手税務代理人名称,Text,2290,cbc:Name,udt:NameType,/ubl:Invoice/cac:TaxRepresentativeParty/cac:PartyName/cbc:Name,1..1
1880,ibt-063,1..1,2,Seller tax representative TAX identifier,売り手税務代理人税ID,Identifier,2410,cbc:CompanyID,udt:IdentifierType,/ubl:Invoice/cac:TaxRepresentativeParty/cac:PartyTaxScheme/cbc:CompanyID,0..1
1890,ibg-12,1..1,2,SELLER TAX REPRESENTATIVE POSTAL ADDRESS,売り手税務代理人住所,,2300,cac:PostalAddress,cac:AddressType,/ubl:Invoice/cac:TaxRepresentativeParty/cac:PostalAddress,0..1
1900,ibt-064,0..1,3,Tax representative address line 1,税務代理人住所欄1,Text,2310,cbc:StreetName,udt:NameType,/ubl:Invoice/cac:TaxRepresentativeParty/cac:PostalAddress/cbc:StreetName,0..1
1910,ibt-065,0..1,3,Tax representative address line 2,税務代理人住所欄2,Text,2320,cbc:AdditionalStreetName,udt:NameType,/ubl:Invoice/cac:TaxRepresentativeParty/cac:PostalAddress/cbc:AdditionalStreetName,0..1
1920,ibt-164,0..1,3,Tax representative address line 3,税務代理人住所欄3,Text,2370,cbc:Line,udt:TextType,/ubl:Invoice/cac:TaxRepresentativeParty/cac:PostalAddress/cac:AddressLine/cbc:Line,1..1
1930,ibt-066,0..1,3,Tax representative city,税務代理人住所 市区町村,Text,2330,cbc:CityName,udt:NameType,/ubl:Invoice/cac:TaxRepresentativeParty/cac:PostalAddress/cbc:CityName,0..1
1940,ibt-067,0..1,3,Tax representative post code,税務代理人郵便番号,Text,2340,cbc:PostalZone,udt:TextType,/ubl:Invoice/cac:TaxRepresentativeParty/cac:PostalAddress/cbc:PostalZone,0..1
1950,ibt-068,0..1,3,Tax representative country subdivision,税務代理人住所 都道府県,Text,2350,cbc:CountrySubentity,udt:TextType,/ubl:Invoice/cac:TaxRepresentativeParty/cac:PostalAddress/cbc:CountrySubentity,0..1
1960,ibt-069,1..1,3,Tax representative country code,税務代理人国コード,Code,2390,cbc:IdentificationCode,udt:CodeType,/ubl:Invoice/cac:TaxRepresentativeParty/cac:PostalAddress/cac:Country/cbc:IdentificationCode,0..1
1970,ibg-13,0..1,1,DELIVERY INFORMATION,納入先,,2440,cac:Delivery,cac:DeliveryType,/ubl:Invoice/cac:Delivery,0..n
1980,ibt-070,0..1,2,Deliver to party name,納入先名称,Text,2610,cbc:Name,udt:NameType,/ubl:Invoice/cac:Delivery/cac:DeliveryParty/cac:PartyName/cbc:Name,1..1
1990,ibt-071,0..1,2,Deliver to location identifier,納入先ID,Identifier,2470,cbc:ID,udt:IdentifierType,/ubl:Invoice/cac:Delivery/cac:DeliveryLocation/cbc:ID,0..1
2000,ibt-071-1,0..1,2,Deliver to location identifier Scheme identifier,スキーマID,String,2480,@schemeID,xsd:normalizedString,/ubl:Invoice/cac:Delivery/cac:DeliveryLocation/cbc:ID/@schemeID,0..1
2010,ibt-072,0..1,2,Actual delivery date,実際納入日,Date,2450,cbc:ActualDeliveryDate,udt:DateType,/ubl:Invoice/cac:Delivery/cbc:ActualDeliveryDate,0..1
2020,ibg-14,0..1,2,INVOICING PERIOD,請求期間,,1140,cac:InvoicePeriod,cac:PeriodType,/ubl:Invoice/cac:InvoicePeriod,0..n
2030,ibt-073,0..1,3,Invoicing period start date,請求期間開始日,Date,1150,cbc:StartDate,udt:DateType,/ubl:Invoice/cac:InvoicePeriod/cbc:StartDate,0..1
2040,ibt-074,0..1,3,Invoicing period end date,請求期間終了日,Date,1160,cbc:EndDate,udt:DateType,/ubl:Invoice/cac:InvoicePeriod/cbc:EndDate,0..1
2050,ibg-15,0..1,2,DELIVER TO ADDRESS,納入先住所,,2490,cac:Address,cac:AddressType,/ubl:Invoice/cac:Delivery/cac:DeliveryLocation/cac:Address,0..1
2060,ibt-075,0..1,3,Deliver to address line 1,納入先住所欄1,Text,2500,cbc:StreetName,udt:NameType,/ubl:Invoice/cac:Delivery/cac:DeliveryLocation/cac:Address/cbc:StreetName,0..1
2070,ibt-076,0..1,3,Deliver to address line 2,納入先住所欄2,Text,2510,cbc:AdditionalStreetName,udt:NameType,/ubl:Invoice/cac:Delivery/cac:DeliveryLocation/cac:Address/cbc:AdditionalStreetName,0..1
2080,ibt-165,0..1,3,Deliver to address line 3,納入先住所欄3,Text,2560,cbc:Line,udt:TextType,/ubl:Invoice/cac:Delivery/cac:DeliveryLocation/cac:Address/cac:AddressLine/cbc:Line,1..1
2090,ibt-077,0..1,3,Deliver to city,納入先住所 市区町村,Text,2520,cbc:CityName,udt:NameType,/ubl:Invoice/cac:Delivery/cac:DeliveryLocation/cac:Address/cbc:CityName,0..1
2100,ibt-078,0..1,3,Deliver to post code,納入先郵便番号,Text,2530,cbc:PostalZone,udt:TextType,/ubl:Invoice/cac:Delivery/cac:DeliveryLocation/cac:Address/cbc:PostalZone,0..1
2110,ibt-079,0..1,3,Deliver to country subdivision,納入先住所 都道府県,Text,2540,cbc:CountrySubentity,udt:TextType,/ubl:Invoice/cac:Delivery/cac:DeliveryLocation/cac:Address/cbc:CountrySubentity,0..1
2120,ibt-080,1..1,3,Deliver to country code,納入先国コード,Code,2580,cbc:IdentificationCode,udt:CodeType,/ubl:Invoice/cac:Delivery/cac:DeliveryLocation/cac:Address/cac:Country/cbc:IdentificationCode,0..1
2130,ibg-16,0..n,1,PAYMENT INSTRUCTIONS,支払指示,,2620,cac:PaymentMeans,cac:PaymentMeansType,/ubl:Invoice/cac:PaymentMeans,0..n
2140,ibt-178,0..1,2,Payment Instructions ID,支払指示ID,Identifier,2630,cbc:ID,udt:IdentifierType,/ubl:Invoice/cac:PaymentMeans/cbc:ID,0..1
2150,ibt-081,1..1,2,Payment means type code,支払手段タイプコード,Code,2640,cbc:PaymentMeansCode,udt:CodeType,/ubl:Invoice/cac:PaymentMeans/cbc:PaymentMeansCode,1..1
2160,ibt-082,0..1,2,Payment means text,支払手段内容説明,String,2650,@name,xsd:string,/ubl:Invoice/cac:PaymentMeans/cbc:PaymentMeansCode/@name,0..1
2170,ibt-083,0..n,2,Remittance information,送金情報,Text,2660,cbc:PaymentID,udt:IdentifierType,/ubl:Invoice/cac:PaymentMeans/cbc:PaymentID,0..n
2180,ibt-083-1,0..1,3,Remittance information Scheme identifier,スキーマID,String,2670,@schemeID,xsd:normalizedString,/ubl:Invoice/cac:PaymentMeans/cbc:PaymentID/@schemeID,0..1
2190,ibg-17,0..1,2,CREDIT TRANSFER,銀行振込,,2720,cac:PayeeFinancialAccount,cac:FinancialAccountType,/ubl:Invoice/cac:PaymentMeans/cac:PayeeFinancialAccount,0..1
2200,ibt-084,1..1,3,Payment account identifier,支払先口座ID,Identifier,2730,cbc:ID,udt:IdentifierType,/ubl:Invoice/cac:PaymentMeans/cac:PayeeFinancialAccount/cbc:ID,0..1
2210,ibt-084-1,0..1,3,Payment account identifier Scheme identifier,スキーマID,String,2740,@schemeID,xsd:normalizedString,/ubl:Invoice/cac:PaymentMeans/cac:PayeeFinancialAccount/cbc:ID/@schemeID,0..1
2220,ibt-085,0..1,3,Payment account name,支払先口座名義人名,Text,2750,cbc:Name,udt:NameType,/ubl:Invoice/cac:PaymentMeans/cac:PayeeFinancialAccount/cbc:Name,0..1
2230,ibt-086,0..1,3,Payment service provider identifier,支払先金融機関ID,Identifier,2770,cbc:ID,udt:IdentifierType,/ubl:Invoice/cac:PaymentMeans/cac:PayeeFinancialAccount/cac:FinancialInstitutionBranch/cbc:ID,0..1
2240,ibg-34,0..1,2,FINANCIAL INSTITUTION ADDRESS,住所,,2780,cac:Address,cac:AddressType,/ubl:Invoice/cac:PaymentMeans/cac:PayeeFinancialAccount/cac:FinancialInstitutionBranch/cac:Address,0..1
2250,ibt-169,0..1,3,Account address line 1,支払先口座住所欄1,Text,2790,cbc:StreetName,udt:NameType,/ubl:Invoice/cac:PaymentMeans/cac:PayeeFinancialAccount/cac:FinancialInstitutionBranch/cac:Address/cbc:StreetName,0..1
2260,ibt-170,0..1,3,Account address line 2,支払先口座住所欄2,Text,2800,cbc:AdditionalStreetName,udt:NameType,/ubl:Invoice/cac:PaymentMeans/cac:PayeeFinancialAccount/cac:FinancialInstitutionBranch/cac:Address/cbc:AdditionalStreetName,0..1
2270,ibt-171,0..1,3,Account city,支払先口座住所 市区町村,Text,2810,cbc:CityName,udt:NameType,/ubl:Invoice/cac:PaymentMeans/cac:PayeeFinancialAccount/cac:FinancialInstitutionBranch/cac:Address/cbc:CityName,0..1
2280,ibt-172,0..1,3,Account post code,支払先口座郵便番号,Text,2820,cbc:PostalZone,udt:TextType,/ubl:Invoice/cac:PaymentMeans/cac:PayeeFinancialAccount/cac:FinancialInstitutionBranch/cac:Address/cbc:PostalZone,0..1
2290,ibt-173,0..1,3,Account country subdivision,支払先口座住所 都道府県,Text,2830,cbc:CountrySubentity,udt:TextType,/ubl:Invoice/cac:PaymentMeans/cac:PayeeFinancialAccount/cac:FinancialInstitutionBranch/cac:Address/cbc:CountrySubentity,0..1
2300,ibt-174,0..1,3,Account address line 3,支払先口座住所欄3,Text,2850,cbc:Line,xsd:string,/ubl:Invoice/cac:PaymentMeans/cac:PayeeFinancialAccount/cac:FinancialInstitutionBranch/cac:Address/cac:AddressLine/cbc:Line,1..1
2310,ibt-175,0..1,3,Account country code,支払先口座国コード,Code,2870,cbc:IdentificationCode,udt:CodeType,/ubl:Invoice/cac:PaymentMeans/cac:PayeeFinancialAccount/cac:FinancialInstitutionBranch/cac:Address/cac:Country/cbc:IdentificationCode,0..1
2320,ibg-18,0..1,2,PAYMENT CARD INFORMATION,支払カード情報,,2680,cac:CardAccount,cac:CardAccountType,/ubl:Invoice/cac:PaymentMeans/cac:CardAccount,0..1
2330,ibt-087,1..1,3,Payment card primary account number,支払カード番号,Text,2690,cbc:PrimaryAccountNumberID,udt:IdentifierType,/ubl:Invoice/cac:PaymentMeans/cac:CardAccount/cbc:PrimaryAccountNumberID,1..1
2340,ibt-088,0..1,3,Payment card holder name,カード名義人氏名,Text,2710,cbc:HolderName,udt:NameType,/ubl:Invoice/cac:PaymentMeans/cac:CardAccount/cbc:HolderName,0..1
2350,ibg-19,0..1,2,DIRECT DEBIT,自動口座引落,,2880,cac:PaymentMandate,cac:PaymentManudt:DateType,/ubl:Invoice/cac:PaymentMeans/cac:PaymentMandate,0..1
2360,ibt-089,0..1,3,Mandate reference identifier,マンデーション参照ID,Identifier,2890,cbc:ID,udt:IdentifierType,/ubl:Invoice/cac:PaymentMeans/cac:PaymentMandate/cbc:ID,0..1
2370,ibt-091,0..1,3,Debited account identifier,自動引落口座ID,Identifier,2910,cbc:ID,udt:IdentifierType,/ubl:Invoice/cac:PaymentMeans/cac:PaymentMandate/cac:PayerFinancialAccount/cbc:ID,0..1
2380,ibg-35,0..n,1,Paid amounts,支払済金額,,2970,cac:PrepaidPayment,cac:PaymentType,/ubl:Invoice/cac:PrepaidPayment,0..n
2390,ibt-179,0..1,2,Payment identifier,支払ID,Identifier,2980,cbc:ID,udt:IdentifierType,/ubl:Invoice/cac:PrepaidPayment/cbc:ID,0..1
2400,ibt-180,1..1,2,Paid amount,支払済金額,Amount,2990,cbc:PaidAmount,udt:AmountType,/ubl:Invoice/cac:PrepaidPayment/cbc:PaidAmount,0..1
2410,ibt-181,0..1,2,The date when the paid amount is debited to the invoice.,支払済金額が請求書に差引記載される日,Date,3000,cbc:ReceivedDate,udt:DateType,/ubl:Invoice/cac:PrepaidPayment/cbc:ReceivedDate,0..1
2420,ibt-182,0..1,2,Payment type,支払タイプ,Code,3010,cbc:InstructionID,udt:IdentifierType,/ubl:Invoice/cac:PrepaidPayment/cbc:InstructionID,0..1
2430,ibg-20,0..n,1,DOCUMENT LEVEL ALLOWANCES,請求書レベルの返金,,3020,cac:AllowanceCharge,cac:AllowanceChargeType,/ubl:Invoice/cac:AllowanceCharge[cbc:ChargeIndicator=false()],0..n
2440,ibt-092,1..1,2,Document level allowance amount,請求書レベルの返金金額(税抜き),Amount,3070,cbc:Amount,udt:AmountType,/ubl:Invoice/cac:AllowanceCharge[cbc:ChargeIndicator=false()]/cbc:Amount,1..1
2450,ibt-093,0..1,2,Document level allowance base amount,請求書レベルの返金金額の基準となる金額,Amount,3090,cbc:BaseAmount,udt:AmountType,/ubl:Invoice/cac:AllowanceCharge[cbc:ChargeIndicator=false()]/cbc:BaseAmount,0..1
2460,ibt-094,0..1,2,Document level allowance percentage,請求書レベルの返金の率,Percentage,3060,cbc:MultiplierFactorNumeric,udt:NumericType,/ubl:Invoice/cac:AllowanceCharge[cbc:ChargeIndicator=false()]/cbc:MultiplierFactorNumeric,0..1
2470,ibt-097,0..1,2,Document level allowance reason,請求書レベルの返金の理由,Text,3050,cbc:AllowanceChargeReason,udt:TextType,/ubl:Invoice/cac:AllowanceCharge[cbc:ChargeIndicator=false()]/cbc:AllowanceChargeReason,0..n
2480,ibt-098,0..1,2,Document level allowance reason code,請求書レベルの返金の理由コード,Code,3040,cbc:AllowanceChargeReasonCode,udt:CodeType,/ubl:Invoice/cac:AllowanceCharge[cbc:ChargeIndicator=false()]/cbc:AllowanceChargeReasonCode,0..1
2490,ibt-095,1..1,2,Document level allowance TAX category code,請求書レベルの返金の課税分類コード,Code,3120,cbc:ID,udt:IdentifierType,/ubl:Invoice/cac:AllowanceCharge[cbc:ChargeIndicator=false()]/cac:TaxCategory/cbc:ID,0..1
2500,ibt-095-1,1..1,3,Document level allowance TAX category code Tax Scheme,,Code,3180,cbc:ID,udt:IdentifierType,/ubl:Invoice/cac:AllowanceCharge[cbc:ChargeIndicator=false()]/cac:TaxCategory/cac:TaxScheme/cbc:ID,1..1
2510,ibt-096,0..1,2,Document level allowance TAX rate,請求書レベルの返金の税率,Percentage,3140,cbc:Percent,udt:PercentType,/ubl:Invoice/cac:AllowanceCharge[cbc:ChargeIndicator=false()]/cac:TaxCategory/cbc:Percent,0..1
2520,ibt-196,0..0,2,Document level allowance TAX exemption reason code,請求書レベルの返金の非課税理由テキスト,Code,3150,cbc:TaxExemptionReasonCode,udt:CodeType,/ubl:Invoice/cac:AllowanceCharge[cbc:ChargeIndicator=false()]/cac:TaxCategory/cbc:TaxExemptionReasonCode,0..1
2530,ibt-197,0..0,2,Document level allowance TAX exemption reason text,請求書レベルの返金の非課税理由コード,Text,3160,cbc:TaxExemptionReason,udt:TextType,/ubl:Invoice/cac:AllowanceCharge[cbc:ChargeIndicator=false()]/cac:TaxCategory/cbc:TaxExemptionReason,0..n
2540,ibg-21,0..n,1,DOCUMENT LEVEL CHARGES,請求書レベルの追加請求,,3190,cac:AllowanceCharge,cac:AllowanceChargeType,/ubl:Invoice/cac:AllowanceCharge[cbc:ChargeIndicator=true()],0..n
2550,ibt-099,1..1,2,Document level charge amount,請求書レベルの追加請求金額(税抜き),Amount,3240,cbc:Amount,udt:AmountType,/ubl:Invoice/cac:AllowanceCharge[cbc:ChargeIndicator=true()]/cbc:Amount,1..1
2560,ibt-100,0..1,2,Document level charge base amount,請求書レベルの追加請求金額の基準となる金額,Amount,3260,cbc:BaseAmount,udt:AmountType,/ubl:Invoice/cac:AllowanceCharge[cbc:ChargeIndicator=true()]/cbc:BaseAmount,0..1
2570,ibt-101,0..1,2,Document level charge percentage,請求書レベルの追加請求の率,Percentage,3230,cbc:MultiplierFactorNumeric,udt:NumericType,/ubl:Invoice/cac:AllowanceCharge[cbc:ChargeIndicator=true()]/cbc:MultiplierFactorNumeric,0..1
2580,ibt-104,0..1,2,Document level charge reason,請求書レベルの追加請求の理由,Text,3220,cbc:AllowanceChargeReason,udt:TextType,/ubl:Invoice/cac:AllowanceCharge[cbc:ChargeIndicator=true()]/cbc:AllowanceChargeReason,0..n
2590,ibt-105,0..1,2,Document level charge reason code,請求書レベルの追加請求の理由コード,Code,3210,cbc:AllowanceChargeReasonCode,udt:CodeType,/ubl:Invoice/cac:AllowanceCharge[cbc:ChargeIndicator=true()]/cbc:AllowanceChargeReasonCode,0..1
2600,ibt-102,1..1,2,Document level charge TAX category code,請求書レベルの追加請求の課税分類コード,Code,3290,cbc:ID,udt:IdentifierType,/ubl:Invoice/cac:AllowanceCharge[cbc:ChargeIndicator=true()]/cac:TaxCategory/cbc:ID,0..1
2605,ibt-102-1,1..1,3,Document level charge TAX category code Tax Scheme,,,3340,cbc:ID,udt:IdentifierType,/ubl:Invoice/cac:AllowanceCharge[cbc:ChargeIndicator=true()]/cac:TaxCategory/cac:TaxScheme/cbc:ID,0..1
2610,ibt-103,0..1,2,Document level charge TAX rate,請求書レベルの追加請求の税率,Percentage,3300,cbc:Percent,udt:PercentType,/ubl:Invoice/cac:AllowanceCharge[cbc:ChargeIndicator=true()]/cac:TaxCategory/cbc:Percent,0..1
2620,ibt-198,0..0,2,Document level charge TAX exemption reason code,請求書レベルの追加請求の非課税理由テキスト,Code,3310,cbc:TaxExemptionReasonCode,udt:CodeType,/ubl:Invoice/cac:AllowanceCharge[cbc:ChargeIndicator=true()]/cac:TaxCategory/cbc:TaxExemptionReasonCode,0..1
2630,ibt-199,0..0,2,Document level charge TAX exemption reason text,請求書レベルの追加請求の非課税理由コード,Text,3320,cbc:TaxExemptionReason,udt:TextType,/ubl:Invoice/cac:AllowanceCharge[cbc:ChargeIndicator=true()]/cac:TaxCategory/cbc:TaxExemptionReason,0..n
2640,ibg-22,1..1,1,DOCUMENT TOTALS,請求書総合計金額,,3590,cac:LegalMonetaryTotal,cac:MonetaryTotalType,/ubl:Invoice/cac:LegalMonetaryTotal,1..1
2650,ibt-106,1..1,2,Sum of Invoice line net amount,値引後請求書明細行金額の合計,Amount,3600,cbc:LineExtensionAmount,udt:AmountType,/ubl:Invoice/cac:LegalMonetaryTotal/cbc:LineExtensionAmount,1..1
2660,ibt-107,0..1,2,Sum of allowances on document level,請求書レベルの返金の合計,Amount,3660,cbc:AllowanceTotalAmount,udt:AmountType,/ubl:Invoice/cac:LegalMonetaryTotal/cbc:AllowanceTotalAmount,0..1
2670,ibt-108,0..1,2,Sum of charges on document level,請求書レベルの追加請求の合計,Amount,3680,cbc:ChargeTotalAmount,udt:AmountType,/ubl:Invoice/cac:LegalMonetaryTotal/cbc:ChargeTotalAmount,0..1
2680,ibt-109,1..1,2,Invoice total amount without TAX,請求書合計金額(税抜き),Amount,3620,cbc:TaxExclusiveAmount,udt:AmountType,/ubl:Invoice/cac:LegalMonetaryTotal/cbc:TaxExclusiveAmount,0..1
2690,ibt-110,1..1,2,Invoice total TAX amount,請求書消費税合計金額,Amount,3360,cbc:TaxAmount,udt:AmountType,/ubl:Invoice/cac:TaxTotal[cbc:TaxAmount/@currencyID=/ubl:Invoice/cbc:DocumentCurrencyCode]/cbc:TaxAmount,1..1
2700,ibt-112,1..1,2,Invoice total amount with TAX,請求書合計金額(税込み),Amount,3640,cbc:TaxInclusiveAmount,udt:AmountType,/ubl:Invoice/cac:LegalMonetaryTotal/cbc:TaxInclusiveAmount,0..1
2710,ibt-113,0..1,2,Paid amount,支払済金額,Amount,3700,cbc:PrepaidAmount,udt:AmountType,/ubl:Invoice/cac:LegalMonetaryTotal/cbc:PrepaidAmount,0..1
2720,ibt-114,0..1,2,Rounding amount,丸めるための金額,Amount,3720,cbc:PayableRoundingAmount,udt:AmountType,/ubl:Invoice/cac:LegalMonetaryTotal/cbc:PayableRoundingAmount,0..1
2730,ibt-115,1..1,2,Amount due for payment,差引請求金額,Amount,3740,cbc:PayableAmount,udt:AmountType,/ubl:Invoice/cac:LegalMonetaryTotal/cbc:PayableAmount,1..1
2740,ibg-37,0..1,1,DOCUMENT TOTALS IN TAX ACCOUNTING CURRENCY,会計通貨での請求書総合計金額,,3500,cac:TaxTotal,cac:TaxTotalType,/ubl:Invoice/cac:TaxTotal[cbc:TaxAmount/@currencyID=/ubl:Invoice/cbc:TaxCurrencyCode],0..n
2750,ibt-111,0..1,2,Invoice total TAX amount in tax accounting currency,会計通貨での請求書消費税合計金額,Amount,3510,cbc:TaxAmount,udt:AmountType,/ubl:Invoice/cac:TaxTotal[cbc:TaxAmount/@currencyID=/ubl:Invoice/cbc:TaxCurrencyCode]/cbc:TaxAmount,1..1
2760,ibg-38,1..n,2,TAX BREAKDOWN IN ACCOUNTING CURRENCY,会計通貨での税内訳情報,,3530,cac:TaxSubtotal,cac:TaxSubtotalType,/ubl:Invoice/cac:TaxTotal[cbc:TaxAmount/@currencyID=/ubl:Invoice/cbc:TaxCurrencyCode]/cac:TaxSubtotal,0..n
2770,ibt-190,0..1,3,TAX category tax amount in accounting currency,会計通貨での課税分類毎の消費税額,Amount,3540,cbc:TaxAmount,udt:AmountType,/ubl:Invoice/cac:TaxTotal[cbc:TaxAmount/@currencyID=/ubl:Invoice/cbc:TaxCurrencyCode]/cac:TaxSubtotal/cbc:TaxAmount,1..1
2780,ibt-192,1..1,3,TAX category code for tax category tax amount in accounting currency,会計通貨での課税分類コード,Code,3570,cbc:ID,udt:IdentifierType,/ubl:Invoice/cac:TaxTotal[cbc:TaxAmount/@currencyID=/ubl:Invoice/cbc:TaxCurrencyCode]/cac:TaxSubtotal/cac:TaxCategory/cbc:ID,0..1
2790,ibt-193,0..1,3,TAX category rate for tax category tax amount in accounting currency,会計通貨での課税分類毎の税率,Percentage,3580,cbc:Percent,udt:PercentType,/ubl:Invoice/cac:TaxTotal[cbc:TaxAmount/@currencyID=/ubl:Invoice/cbc:TaxCurrencyCode]/cac:TaxSubtotal/cac:TaxCategory/cbc:Percent,0..1
2800,ibg-23,1..n,1,TAX BREAKDOWN,税内訳情報,,3380,cac:TaxSubtotal,cac:TaxSubtotalType,/ubl:Invoice/cac:TaxTotal[cbc:TaxAmount/@currencyID=/ubl:Invoice/cbc:DocumentCurrencyCode]/cac:TaxSubtotal,0..n
2810,ibt-116,1..1,2,TAX category taxable amount,課税分類毎の課税基準額,Amount,3390,cbc:TaxableAmount,udt:AmountType,/ubl:Invoice/cac:TaxTotal[cbc:TaxAmount/@currencyID=/ubl:Invoice/cbc:DocumentCurrencyCode]/cac:TaxSubtotal/cbc:TaxableAmount,0..1
2820,ibt-117,1..1,2,TAX category tax amount,課税分類毎の消費税額,Amount,3410,cbc:TaxAmount,udt:AmountType,/ubl:Invoice/cac:TaxTotal[cbc:TaxAmount/@currencyID=/ubl:Invoice/cbc:DocumentCurrencyCode]/cac:TaxSubtotal/cbc:TaxAmount,1..1
2830,ibt-118,1..1,2,TAX category code,課税分類コード,Code,3440,cbc:ID,udt:IdentifierType,/ubl:Invoice/cac:TaxTotal[cbc:TaxAmount/@currencyID=/ubl:Invoice/cbc:DocumentCurrencyCode]/cac:TaxSubtotal/cac:TaxCategory/cbc:ID,0..1
2840,ibt-119,0..1,2,TAX category rate,課税分類毎の税率,Percentage,3450,cbc:Percent,udt:PercentType,/ubl:Invoice/cac:TaxTotal[cbc:TaxAmount/@currencyID=/ubl:Invoice/cbc:DocumentCurrencyCode]/cac:TaxSubtotal/cac:TaxCategory/cbc:Percent,0..1
2850,ibt-120,0..0,2,TAX exemption reason text,非課税理由テキスト,Text,3470,cbc:TaxExemptionReason,udt:TextType,/ubl:Invoice/cac:TaxTotal[cbc:TaxAmount/@currencyID=/ubl:Invoice/cbc:DocumentCurrencyCode]/cac:TaxSubtotal/cac:TaxCategory/cbc:TaxExemptionReason,0..n
2860,ibt-121,0..0,2,TAX exemption reason code,非課税理由コード,Code,3460,cbc:TaxExemptionReasonCode,udt:CodeType,/ubl:Invoice/cac:TaxTotal[cbc:TaxAmount/@currencyID=/ubl:Invoice/cbc:DocumentCurrencyCode]/cac:TaxSubtotal/cac:TaxCategory/cbc:TaxExemptionReasonCode,0..1
2870,ibg-24,0..n,1,ADDITIONAL SUPPORTING DOCUMENTS,添付書類,,1360,cac:AdditionalDocumentReference,cac:DocumentReferenceType,/ubl:Invoice/cac:AdditionalDocumentReference[not(cbc:DocumentTypeCode='130')],0..n
2880,ibt-122,1..1,2,Supporting document reference,添付書類への参照,Document Reference,1370,cbc:ID,udt:IdentifierType,/ubl:Invoice/cac:AdditionalDocumentReference[not(cbc:DocumentTypeCode='130')]/cbc:ID,1..1
2890,ibt-123,0..1,2,Supporting document description,添付書類の説明,Text,1380,cbc:DocumentDescription,udt:TextType,/ubl:Invoice/cac:AdditionalDocumentReference[not(cbc:DocumentTypeCode='130')]/cbc:DocumentDescription,0..n
2900,ibt-125,0..1,2,Attached document,添付書類,Binary object,1400,cbc:EmbeddedDocumentBinaryObject,udt:BinaryObjectType,/ubl:Invoice/cac:AdditionalDocumentReference[not(cbc:DocumentTypeCode='130')]/cac:Attachment/cbc:EmbeddedDocumentBinaryObject,0..1
2910,ibt-125-1,1..1,3,Attached document Mime code,添付書類MIMEコード,String,1410,@mimeCode,xsd:normalizedString,/ubl:Invoice/cac:AdditionalDocumentReference[not(cbc:DocumentTypeCode='130')]/cac:Attachment/cbc:EmbeddedDocumentBinaryObject/@mimeCode,1..1
2920,ibt-125-2,1..1,3,Attached document Filename,添付書類ファイル名,String,1420,@filename,xsd:string,/ubl:Invoice/cac:AdditionalDocumentReference[not(cbc:DocumentTypeCode='130')]/cac:Attachment/cbc:EmbeddedDocumentBinaryObject/@filename,0..1
2930,ibt-124,0..1,2,External document location,外部ドキュメントのロケーション,Text,1440,cbc:URI,udt:IdentifierType,/ubl:Invoice/cac:AdditionalDocumentReference[not(cbc:DocumentTypeCode='130')]/cac:Attachment/cac:ExternalReference/cbc:URI,0..1
2940,ibg-25,1..n,1,INVOICE LINE,請求書明細行,,3760,cac:InvoiceLine,cac:InvoiceLineType,/ubl:Invoice/cac:InvoiceLine,1..n
2950,ibt-126,1..1,2,Invoice line identifier,請求書明細行ID,Identifier,3770,cbc:ID,udt:IdentifierType,/ubl:Invoice/cac:InvoiceLine/cbc:ID,1..1
2960,ibt-127,0..1,2,Invoice line note,請求書明細行注釈,Text,3780,cbc:Note,udt:TextType,/ubl:Invoice/cac:InvoiceLine/cbc:Note,0..n
2970,ibg-36,0..1,2,LINE DOCUMENT REFERENCE,明細行文書参照,,3950,cac:DocumentReference,cac:DocumentReferenceType,/ubl:Invoice/cac:InvoiceLine/cac:DocumentReference[not(cbc:DocumentTypeCode='130')],0..n
2980,ibt-188,1..1,3,Invoice line document identifier,明細行文書ID,Identifier,3960,cbc:ID,udt:IdentifierType,/ubl:Invoice/cac:InvoiceLine/cac:DocumentReference[not(cbc:DocumentTypeCode='130')]/cbc:ID,1..1
2990,ibt-189,0..1,3,Document type code,文書タイプコード,Code,3970,cbc:DocumentTypeCode,udt:CodeType,/ubl:Invoice/cac:InvoiceLine/cac:DocumentReference[not(cbc:DocumentTypeCode='130')]/cbc:DocumentTypeCode,0..1
3000,ibt-128,0..1,2,Invoice line object identifier,請求書明細行オブジェクトID,Identifier,3990,cbc:ID,udt:IdentifierType,/ubl:Invoice/cac:InvoiceLine/cac:DocumentReference[cbc:DocumentTypeCode='130']/cbc:ID,1..1
3010,ibt-128-1,0..1,3,Invoice line object identifier Scheme identifier,スキーマID,String,4000,@schemeID,xsd:normalizedString,/ubl:Invoice/cac:InvoiceLine/cac:DocumentReference[cbc:DocumentTypeCode='130']/cbc:ID/@schemeID,0..1
3020,ibt-129,1..1,2,Invoiced quantity,請求する数量,Quantity,3790,cbc:InvoicedQuantity,udt:QuantityType,/ubl:Invoice/cac:InvoiceLine/cbc:InvoicedQuantity,0..1
3030,ibt-130,1..1,2,Invoiced quantity unit of measure code,請求する数量の数量単位コード,String,3800,@unitCode,xsd:normalizedString,/ubl:Invoice/cac:InvoiceLine/cbc:InvoicedQuantity/@unitCode,0..1
3040,ibt-131,1..1,2,Invoice line net amount,値引後請求書明細行金額(税抜き),Amount,3810,cbc:LineExtensionAmount,udt:AmountType,/ubl:Invoice/cac:InvoiceLine/cbc:LineExtensionAmount,1..1
3050,ibt-183,0..1,2,Purchase order reference,購買発注書参照,Document Reference,3900,cbc:ID,udt:IdentifierType,/ubl:Invoice/cac:InvoiceLine/cac:OrderLineReference/cac:OrderReference/cbc:ID,1..1
3060,ibt-132,0..1,2,Referenced purchase order line reference,購買発注明細行参照,Document Reference,3880,cbc:LineID,udt:IdentifierType,/ubl:Invoice/cac:InvoiceLine/cac:OrderLineReference/cbc:LineID,1..1
3070,ibt-184,0..1,2,Despatch advice reference,出荷案内書参照,Document Reference,3940,cbc:ID,udt:IdentifierType,/ubl:Invoice/cac:InvoiceLine/cac:DespatchLineReference/cac:DocumentReference/cbc:ID,1..1
3080,ibt-133,0..1,2,Invoice line Buyer accounting reference,請求書明細行買い手会計参照,Text,3830,cbc:AccountingCost,udt:TextType,/ubl:Invoice/cac:InvoiceLine/cbc:AccountingCost,0..1
3090,ibg-26,0..1,2,INVOICE LINE PERIOD,請求書明細行の期間,,3840,cac:InvoicePeriod,cac:PeriodType,/ubl:Invoice/cac:InvoiceLine/cac:InvoicePeriod,0..n
3100,ibt-134,0..1,3,Invoice line period start date,請求書明細行の期間開始日,Date,3850,cbc:StartDate,udt:DateType,/ubl:Invoice/cac:InvoiceLine/cac:InvoicePeriod/cbc:StartDate,0..1
3110,ibt-135,0..1,3,Invoice line period end date,請求書明細行の期間終了日,Date,3860,cbc:EndDate,udt:DateType,/ubl:Invoice/cac:InvoiceLine/cac:InvoicePeriod/cbc:EndDate,0..1
3120,ibg-27,0..n,2,INVOICE LINE ALLOWANCES,請求書明細行の返金,,4010,cac:AllowanceCharge,cac:AllowanceChargeType,/ubl:Invoice/cac:InvoiceLine/cac:AllowanceCharge[cbc:ChargeIndicator=false()],0..n
3130,ibt-136,1..1,3,Invoice line allowance amount,請求書明細行の返金金額(税抜き),Amount,4060,cbc:Amount,udt:AmountType,/ubl:Invoice/cac:InvoiceLine/cac:AllowanceCharge[cbc:ChargeIndicator=false()]/cbc:Amount,1..1
3140,ibt-137,0..1,3,Invoice line allowance base amount,請求書明細行の返金金額の基準金額,Amount,4080,cbc:BaseAmount,udt:AmountType,/ubl:Invoice/cac:InvoiceLine/cac:AllowanceCharge[cbc:ChargeIndicator=false()]/cbc:BaseAmount,0..1
3150,ibt-138,0..1,3,Invoice line allowance percentage,請求書明細行の返金の率,Percentage,4050,cbc:MultiplierFactorNumeric,udt:NumericType,/ubl:Invoice/cac:InvoiceLine/cac:AllowanceCharge[cbc:ChargeIndicator=false()]/cbc:MultiplierFactorNumeric,0..1
3160,ibt-139,0..1,3,Invoice line allowance reason,請求書明細行の返金理由,Text,4040,cbc:AllowanceChargeReason,udt:TextType,/ubl:Invoice/cac:InvoiceLine/cac:AllowanceCharge[cbc:ChargeIndicator=false()]/cbc:AllowanceChargeReason,0..n
3170,ibt-140,0..1,3,Invoice line allowance reason code,請求書明細行の返金理由コード,Code,4030,cbc:AllowanceChargeReasonCode,udt:CodeType,/ubl:Invoice/cac:InvoiceLine/cac:AllowanceCharge[cbc:ChargeIndicator=false()]/cbc:AllowanceChargeReasonCode,0..1
3180,ibg-28,0..n,2,INVOICE LINE CHARGES,請求書明細行の追加請求,,4100,cac:AllowanceCharge,cac:AllowanceChargeType,/ubl:Invoice/cac:InvoiceLine/cac:AllowanceCharge[cbc:ChargeIndicator=true()],0..n
3190,ibt-141,1..1,3,Invoice line charge amount,請求書明細行の追加請求金額(税抜き),Amount,4150,cbc:Amount,udt:AmountType,/ubl:Invoice/cac:InvoiceLine/cac:AllowanceCharge[cbc:ChargeIndicator=true()]/cbc:Amount,1..1
3200,ibt-142,0..1,3,Invoice line charge base amount,請求書明細行の追加請求の基準金額,Amount,4170,cbc:BaseAmount,udt:AmountType,/ubl:Invoice/cac:InvoiceLine/cac:AllowanceCharge[cbc:ChargeIndicator=true()]/cbc:BaseAmount,0..1
3210,ibt-143,0..1,3,Invoice line charge percentage,請求書明細行の追加請求の率,Percentage,4140,cbc:MultiplierFactorNumeric,udt:NumericType,/ubl:Invoice/cac:InvoiceLine/cac:AllowanceCharge[cbc:ChargeIndicator=true()]/cbc:MultiplierFactorNumeric,0..1
3220,ibt-144,0..1,3,Invoice line charge reason,請求書明細行の追加請求理由,Text,4130,cbc:AllowanceChargeReason,udt:TextType,/ubl:Invoice/cac:InvoiceLine/cac:AllowanceCharge[cbc:ChargeIndicator=true()]/cbc:AllowanceChargeReason,0..n
3230,ibt-145,0..1,3,Invoice line charge reason code,請求書明細行の追加請求理由コード,Code,4120,cbc:AllowanceChargeReasonCode,udt:CodeType,/ubl:Invoice/cac:InvoiceLine/cac:AllowanceCharge[cbc:ChargeIndicator=true()]/cbc:AllowanceChargeReasonCode,0..1
3240,ibg-29,1..1,2,PRICE DETAILS,取引価格詳細,,4460,cac:Price,cac:PriceType,/ubl:Invoice/cac:InvoiceLine/cac:Price,0..1
3250,ibt-146,1..1,3,Item net price,品目単価(値引後)(税抜き),Unit Price Amount,4470,cbc:PriceAmount,udt:AmountType,/ubl:Invoice/cac:InvoiceLine/cac:Price/cbc:PriceAmount,1..1
3260,ibt-147,0..1,3,Item price discount,品目単価値引(税抜き),Unit Price Amount,4530,cbc:Amount,udt:AmountType,/ubl:Invoice/cac:InvoiceLine/cac:Price/cac:AllowanceCharge[cbc:ChargeIndicator=false()]/cbc:Amount,1..1
3270,ibt-148,0..1,3,Item gross price,品目単価(値引前)(税抜き),Unit Price Amount,4550,cbc:BaseAmount,udt:AmountType,/ubl:Invoice/cac:InvoiceLine/cac:Price/cac:AllowanceCharge[cbc:ChargeIndicator=false()]/cbc:BaseAmount,0..1
3280,ibt-149,0..1,3,Item price base quantity,品目単価基準数量,Quantity,4490,cbc:BaseQuantity,udt:QuantityType,/ubl:Invoice/cac:InvoiceLine/cac:Price/cbc:BaseQuantity,0..1
3290,ibt-150,0..1,3,Item price base quantity unit of measure code,品目単価基準数量の数量単位コード,String,4500,@unitCode,xsd:normalizedString,/ubl:Invoice/cac:InvoiceLine/cac:Price/cbc:BaseQuantity/@unitCode,0..1
3300,ibg-30,1..n,2,LINE TAX INFORMATION,請求書明細行税情報,,4350,cac:ClassifiedTaxCategory,cac:TaxCategoryType,/ubl:Invoice/cac:InvoiceLine/cac:Item/cac:ClassifiedTaxCategory,0..n
3310,ibt-151,1..1,3,Invoiced item TAX category code,請求する品目に対する課税分類コード,Code,4360,cbc:ID,udt:IdentifierType,/ubl:Invoice/cac:InvoiceLine/cac:Item/cac:ClassifiedTaxCategory/cbc:ID,0..1
3320,ibt-152,0..1,3,Invoiced item TAX rate,請求する品目に対する税率,Percentage,4370,cbc:Percent,udt:PercentType,/ubl:Invoice/cac:InvoiceLine/cac:Item/cac:ClassifiedTaxCategory/cbc:Percent,0..1
3330,ibt-166,0..1,3,Unit TAX (amount),請求する品目に対する単位数量当たりの税金額,Amount,4380,cbc:PerUnitAmount,udt:AmountType,/ubl:Invoice/cac:InvoiceLine/cac:Item/cac:ClassifiedTaxCategory/cbc:PerUnitAmount,0..1
3340,ibt-185,0..0,3,TAX exemption reason text,非課税理由テキスト,Code,4390,cbc:TaxExemptionReasonCode,udt:CodeType,/ubl:Invoice/cac:InvoiceLine/cac:Item/cac:ClassifiedTaxCategory/cbc:TaxExemptionReasonCode,0..1
3350,ibt-186,0..0,3,TAX exemption reason code,非課税理由コード,Text,4400,cbc:TaxExemptionReason,udt:TextType,/ubl:Invoice/cac:InvoiceLine/cac:Item/cac:ClassifiedTaxCategory/cbc:TaxExemptionReason,0..n
3360,ibt-167,0..1,3,Tax Scheme,税スキーマ,Code,4420,cbc:ID,udt:IdentifierType,/ubl:Invoice/cac:InvoiceLine/cac:Item/cac:ClassifiedTaxCategory/cac:TaxScheme/cbc:ID,0..1
3370,ibg-31,1..1,2,ITEM INFORMATION,品目情報,,4190,cac:Item,cac:ItemType,/ubl:Invoice/cac:InvoiceLine/cac:Item,1..1
3380,ibt-153,1..1,3,Item name,品名,Text,4210,cbc:Name,udt:NameType,/ubl:Invoice/cac:InvoiceLine/cac:Item/cbc:Name,0..1
3390,ibt-154,0..1,3,Item description,品目摘要,Text,4200,cbc:Description,udt:TextType,/ubl:Invoice/cac:InvoiceLine/cac:Item/cbc:Description,0..n
3400,ibt-155,0..1,3,Item Seller's identifier,売り手による品目ID,Identifier,4250,cbc:ID,udt:IdentifierType,/ubl:Invoice/cac:InvoiceLine/cac:Item/cac:SellersItemIdentification/cbc:ID,1..1
3410,ibt-156,0..1,3,Item Buyer's identifier,買い手による品目ID,Identifier,4230,cbc:ID,udt:IdentifierType,/ubl:Invoice/cac:InvoiceLine/cac:Item/cac:BuyersItemIdentification/cbc:ID,1..1
3420,ibt-157,0..1,3,Item standard identifier,品目標準ID,Identifier,4270,cbc:ID,udt:IdentifierType,/ubl:Invoice/cac:InvoiceLine/cac:Item/cac:StandardItemIdentification/cbc:ID,1..1
3430,ibt-157-1,1..1,4,Item standard identifier Scheme identifier,スキーマID,String,4280,@schemeID,xsd:normalizedString,/ubl:Invoice/cac:InvoiceLine/cac:Item/cac:StandardItemIdentification/cbc:ID/@schemeID,0..1
3440,ibt-158,0..n,3,Item classification identifier,品目分類ID,Identifier,4320,cbc:ItemClassificationCode,udt:CodeType,/ubl:Invoice/cac:InvoiceLine/cac:Item/cac:CommodityClassification/cbc:ItemClassificationCode,0..1
3450,ibt-158-1,1..1,4,Item classification identifier Scheme identifier,スキーマID,String,4330,@listID,xsd:normalizedString,/ubl:Invoice/cac:InvoiceLine/cac:Item/cac:CommodityClassification/cbc:ItemClassificationCode/@listID,0..1
3460,ibt-158-2,0..1,4,Item classification identifier Scheme version identifier,スキーマのバージョンID,String,4340,@listVersionID,xsd:normalizedString,/ubl:Invoice/cac:InvoiceLine/cac:Item/cac:CommodityClassification/cbc:ItemClassificationCode/@listVersionID,0..1
3470,ibt-159,0..1,3,Item country of origin,品目の原産国,Code,4300,cbc:IdentificationCode,udt:CodeType,/ubl:Invoice/cac:InvoiceLine/cac:Item/cac:OriginCountry/cbc:IdentificationCode,0..1
3480,ibg-32,0..n,3,ITEM ATTRIBUTES,品目属性,,4430,cac:AdditionalItemProperty,cac:ItemPropertyType,/ubl:Invoice/cac:InvoiceLine/cac:Item/cac:AdditionalItemProperty,0..n
3490,ibt-160,1..1,4,Item attribute name,品目属性名,Text,4440,cbc:Name,udt:NameType,/ubl:Invoice/cac:InvoiceLine/cac:Item/cac:AdditionalItemProperty/cbc:Name,1..1
3500,ibt-161,1..1,4,Item attribute value,品目属性値,Text,4450,cbc:Value,udt:TextType,/ubl:Invoice/cac:InvoiceLine/cac:Item/cac:AdditionalItemProperty/cbc:Value,0..1
,,,,,,,1180,cac:OrderReference,cac:OrderReferenceType,/ubl:Invoice/cac:OrderReference,0..1
,,,,,,,1220,cac:InvoiceDocumentReference,cac:DocumentReferenceType,/ubl:Invoice/cac:BillingReference/cac:InvoiceDocumentReference,0..1
,,,,,,,1250,cac:DespatchDocumentReference,cac:DocumentReferenceType,/ubl:Invoice/cac:DespatchDocumentReference,0..n
,,,,,,,1270,cac:ReceiptDocumentReference,cac:DocumentReferenceType,/ubl:Invoice/cac:ReceiptDocumentReference,0..n
,,,,,,,1290,cac:OriginatorDocumentReference,cac:DocumentReferenceType,/ubl:Invoice/cac:OriginatorDocumentReference,0..n
,,,,,,,1310,cac:ContractDocumentReference,cac:DocumentReferenceType,/ubl:Invoice/cac:ContractDocumentReference,0..n
,,,,,,,1330,cac:AdditionalDocumentReference,cac:DocumentReferenceType,/ubl:Invoice/cac:AdditionalDocumentReference[cbc:DocumentTypeCode='130'],0..n
,,,,,,,1390,cac:Attachment,cac:AttachmentType,/ubl:Invoice/cac:AdditionalDocumentReference[not(cbc:DocumentTypeCode='130')]/cac:Attachment,0..1
,,,,,,,1430,cac:ExternalReference,cac:ExternalReferenceType,/ubl:Invoice/cac:AdditionalDocumentReference[not(cbc:DocumentTypeCode='130')]/cac:Attachment/cac:ExternalReference,0..1
,,,,,,,1450,cac:ProjectReference,cac:ProjectReferenceType,/ubl:Invoice/cac:ProjectReference,0..n
,,,,,,,1480,cac:Party,cac:PartyType,/ubl:Invoice/cac:AccountingSupplierParty/cac:Party,0..1
,,,,,,,1510,cac:PartyIdentification,cac:PartyIdentificationType,/ubl:Invoice/cac:AccountingSupplierParty/cac:Party/cac:PartyIdentification[cbc:ID/@schemeID='SEPA'],0..n
,,,,,,,1530,@schemeID,xsd:normalizedString,/ubl:Invoice/cac:AccountingSupplierParty/cac:Party/cac:PartyIdentification/cbc:ID[@schemeID='SEPA']/@schemeID,0..1
,,,,,,,1540,cac:PartyIdentification,cac:PartyIdentificationType,/ubl:Invoice/cac:AccountingSupplierParty/cac:Party/cac:PartyIdentification[not(cbc:ID/@schemeID='SEPA')],0..n
,,,,,,,1570,cac:PartyName,cac:PartyNameType,/ubl:Invoice/cac:AccountingSupplierParty/cac:Party/cac:PartyName,0..n
,,,,,,,1650,cac:AddressLine,cac:AddressLineType,/ubl:Invoice/cac:AccountingSupplierParty/cac:Party/cac:PostalAddress/cac:AddressLine,0..n
,,,,,,,1670,cac:Country,cac:CountryType,/ubl:Invoice/cac:AccountingSupplierParty/cac:Party/cac:PostalAddress/cac:Country,0..1
,,,,,,,1690,cac:PartyTaxScheme,cac:PartyTaxSchemeType,/ubl:Invoice/cac:AccountingSupplierParty/cac:Party/cac:PartyTaxScheme[cac:TaxScheme/cbc:ID='VAT'],0..n
,,,,,,,1710,cac:TaxScheme,cac:TaxSchemeType,/ubl:Invoice/cac:AccountingSupplierParty/cac:Party/cac:PartyTaxScheme[cac:TaxScheme/cbc:ID='VAT']/cac:TaxScheme,1..1
,,,,,,,1720,cbc:ID,udt:IdentifierType,/ubl:Invoice/cac:AccountingSupplierParty/cac:Party/cac:PartyTaxScheme[cac:TaxScheme/cbc:ID='VAT']/cac:TaxScheme/cbc:ID,0..1
,,,,,,,1730,cac:PartyTaxScheme,cac:PartyTaxSchemeType,/ubl:Invoice/cac:AccountingSupplierParty/cac:Party/cac:PartyTaxScheme[cac:TaxScheme/cbc:ID!='VAT'],0..n
,,,,,,,1750,cac:TaxScheme,cac:TaxSchemeType,/ubl:Invoice/cac:AccountingSupplierParty/cac:Party/cac:PartyTaxScheme[cac:TaxScheme/cbc:ID!='VAT']/cac:TaxScheme,1..1
,,,,,,,1760,cbc:ID,udt:IdentifierType,/ubl:Invoice/cac:AccountingSupplierParty/cac:Party/cac:PartyTaxScheme[cac:TaxScheme/cbc:ID!='VAT']/cac:TaxScheme/cbc:ID,0..1
,,,,,,,1770,cac:PartyLegalEntity,cac:PartyLegalEntityType,/ubl:Invoice/cac:AccountingSupplierParty/cac:Party/cac:PartyLegalEntity,0..n
,,,,,,,1870,cac:Party,cac:PartyType,/ubl:Invoice/cac:AccountingCustomerParty/cac:Party,0..1
,,,,,,,1900,cac:PartyIdentification,cac:PartyIdentificationType,/ubl:Invoice/cac:AccountingCustomerParty/cac:Party/cac:PartyIdentification,0..n
,,,,,,,1930,cac:PartyName,cac:PartyNameType,/ubl:Invoice/cac:AccountingCustomerParty/cac:Party/cac:PartyName,0..n
,,,,,,,2010,cac:AddressLine,cac:AddressLineType,/ubl:Invoice/cac:AccountingCustomerParty/cac:Party/cac:PostalAddress/cac:AddressLine,0..n
,,,,,,,2030,cac:Country,cac:CountryType,/ubl:Invoice/cac:AccountingCustomerParty/cac:Party/cac:PostalAddress/cac:Country,0..1
,,,,,,,2050,cac:PartyTaxScheme,cac:PartyTaxSchemeType,/ubl:Invoice/cac:AccountingCustomerParty/cac:Party/cac:PartyTaxScheme,0..n
,,,,,,,2070,@schemeID,xsd:normalizedString,/ubl:Invoice/cac:AccountingCustomerParty/cac:Party/cac:PartyTaxScheme/cbc:CompanyID/@schemeID,0..1
,,,,,,,2080,cac:TaxScheme,cac:TaxSchemeType,/ubl:Invoice/cac:AccountingCustomerParty/cac:Party/cac:PartyTaxScheme/cac:TaxScheme,1..1
,,,,,,,2090,cbc:ID,udt:IdentifierType,/ubl:Invoice/cac:AccountingCustomerParty/cac:Party/cac:PartyTaxScheme/cac:TaxScheme/cbc:ID,0..1
,,,,,,,2100,cac:PartyLegalEntity,cac:PartyLegalEntityType,/ubl:Invoice/cac:AccountingCustomerParty/cac:Party/cac:PartyLegalEntity,0..n
,,,,,,,2190,cac:PartyIdentification,cac:PartyIdentificationType,/ubl:Invoice/cac:PayeeParty/cac:PartyIdentification,0..n
,,,,,,,2220,cac:PartyName,cac:PartyNameType,/ubl:Invoice/cac:PayeeParty/cac:PartyName,0..n
,,,,,,,2240,cac:PartyLegalEntity,cac:PartyLegalEntityType,/ubl:Invoice/cac:PayeeParty/cac:PartyLegalEntity,0..n
,,,,,,,2280,cac:PartyName,cac:PartyNameType,/ubl:Invoice/cac:TaxRepresentativeParty/cac:PartyName,0..n
,,,,,,,2360,cac:AddressLine,cac:AddressLineType,/ubl:Invoice/cac:TaxRepresentativeParty/cac:PostalAddress/cac:AddressLine,0..n
,,,,,,,2380,cac:Country,cac:CountryType,/ubl:Invoice/cac:TaxRepresentativeParty/cac:PostalAddress/cac:Country,0..1
,,,,,,,2400,cac:PartyTaxScheme,cac:PartyTaxSchemeType,/ubl:Invoice/cac:TaxRepresentativeParty/cac:PartyTaxScheme,0..n
,,,,,,,2420,cac:TaxScheme,cac:TaxSchemeType,/ubl:Invoice/cac:TaxRepresentativeParty/cac:PartyTaxScheme/cac:TaxScheme,1..1
,,,,,,,2430,cbc:ID,udt:IdentifierType,/ubl:Invoice/cac:TaxRepresentativeParty/cac:PartyTaxScheme/cac:TaxScheme/cbc:ID,0..1
,,,,,,,2460,cac:DeliveryLocation,cac:LocationType,/ubl:Invoice/cac:Delivery/cac:DeliveryLocation,0..1
,,,,,,,2550,cac:AddressLine,cac:AddressLineType,/ubl:Invoice/cac:Delivery/cac:DeliveryLocation/cac:Address/cac:AddressLine,0..n
,,,,,,,2570,cac:Country,cac:CountryType,/ubl:Invoice/cac:Delivery/cac:DeliveryLocation/cac:Address/cac:Country,0..1
,,,,,,,2590,cac:DeliveryParty,cac:PartyType,/ubl:Invoice/cac:Delivery/cac:DeliveryParty,0..1
,,,,,,,2600,cac:PartyName,cac:PartyNameType,/ubl:Invoice/cac:Delivery/cac:DeliveryParty/cac:PartyName,0..n
,,,,,,,2700,cbc:NetworkID,udt:IdentifierType,/ubl:Invoice/cac:PaymentMeans/cac:CardAccount/cbc:NetworkID,1..1
,,,,,,,2760,cac:FinancialInstitutionBranch,cac:BranchType,/ubl:Invoice/cac:PaymentMeans/cac:PayeeFinancialAccount/cac:FinancialInstitutionBranch,0..1
,,,,,,,2840,cac:AddressLine,cac:AddressLineType,/ubl:Invoice/cac:PaymentMeans/cac:PayeeFinancialAccount/cac:FinancialInstitutionBranch/cac:Address/cac:AddressLine,0..n
,,,,,,,2860,cac:Country,cac:CountryType,/ubl:Invoice/cac:PaymentMeans/cac:PayeeFinancialAccount/cac:FinancialInstitutionBranch/cac:Address/cac:Country,0..1
,,,,,,,2900,cac:PayerFinancialAccount,cac:FinancialAccountType,/ubl:Invoice/cac:PaymentMeans/cac:PaymentMandate/cac:PayerFinancialAccount,0..1
,,,,,,,3030,cbc:ChargeIndicator,udt:IndicatorType,/ubl:Invoice/cac:AllowanceCharge[cbc:ChargeIndicator=false()]/cbc:ChargeIndicator,1..1
,,,,,,,3080,@currencyID,xsd:normalizedString,/ubl:Invoice/cac:AllowanceCharge[cbc:ChargeIndicator=false()]/cbc:Amount/@currencyID,1..1
,,,,,,,3100,@currencyID,xsd:normalizedString,/ubl:Invoice/cac:AllowanceCharge[cbc:ChargeIndicator=false()]/cbc:BaseAmount/@currencyID,1..1
,,,,,,,3110,cac:TaxCategory,cac:TaxCategoryType,/ubl:Invoice/cac:AllowanceCharge[cbc:ChargeIndicator=false()]/cac:TaxCategory,0..n
,,,,,,,3170,cac:TaxScheme,cac:TaxSchemeType,/ubl:Invoice/cac:AllowanceCharge[cbc:ChargeIndicator=false()]/cac:TaxCategory/cac:TaxScheme,1..1
,,,,,,,3200,cbc:ChargeIndicator,udt:IndicatorType,/ubl:Invoice/cac:AllowanceCharge[cbc:ChargeIndicator=true()]/cbc:AllowanceChargeReasonCode/cbc:ChargeIndicator,1..1
,,,,,,,3250,@currencyID,xsd:normalizedString,/ubl:Invoice/cac:AllowanceCharge[cbc:ChargeIndicator=true()]/cbc:Amount/@currencyID,1..1
,,,,,,,3270,@currencyID,xsd:normalizedString,/ubl:Invoice/cac:AllowanceCharge[cbc:ChargeIndicator=true()]/cbc:BaseAmount/@currencyID,1..1
,,,,,,,3280,cac:TaxCategory,cac:TaxCategoryType,/ubl:Invoice/cac:AllowanceCharge[cbc:ChargeIndicator=true()]/cac:TaxCategory,0..n
,,,,,,,3330,cac:TaxScheme,cac:TaxSchemeType,/ubl:Invoice/cac:AllowanceCharge[cbc:ChargeIndicator=true()]/cac:TaxCategory/cac:TaxScheme,1..1
,,,,,,,3350,cac:TaxTotal,cac:TaxTotalType,/ubl:Invoice/cac:TaxTotal[cbc:TaxAmount/@currencyID=/ubl:Invoice/cbc:DocumentCurrencyCode],0..n
,,,,,,,3370,@currencyID,xsd:normalizedString,/ubl:Invoice/cac:TaxTotal[cbc:TaxAmount/@currencyID=/ubl:Invoice/cbc:DocumentCurrencyCode]/cbc:TaxAmount/@currencyID,1..1
,,,,,,,3400,@currencyID,xsd:normalizedString,/ubl:Invoice/cac:TaxTotal[cbc:TaxAmount/@currencyID=/ubl:Invoice/cbc:DocumentCurrencyCode]/cac:TaxSubtotal/cbc:TaxableAmount/@currencyID,1..1
,,,,,,,3420,@currencyID,xsd:normalizedString,/ubl:Invoice/cac:TaxTotal[cbc:TaxAmount/@currencyID=/ubl:Invoice/cbc:DocumentCurrencyCode]/cac:TaxSubtotal/cbc:TaxAmount/@currencyID,1..1
,,,,,,,3430,cac:TaxCategory,cac:TaxCategoryType,/ubl:Invoice/cac:TaxTotal[cbc:TaxAmount/@currencyID=/ubl:Invoice/cbc:DocumentCurrencyCode]/cac:TaxSubtotal/cac:TaxCategory,1..1
,,,,,,,3480,cac:TaxScheme,cac:TaxSchemeType,/ubl:Invoice/cac:TaxTotal[cbc:TaxAmount/@currencyID=/ubl:Invoice/cbc:DocumentCurrencyCode]/cac:TaxSubtotal/cac:TaxCategory/cac:TaxScheme,1..1
,,,,,,,3490,cbc:ID,udt:IdentifierType,/ubl:Invoice/cac:TaxTotal[cbc:TaxAmount/@currencyID=/ubl:Invoice/cbc:DocumentCurrencyCode]/cac:TaxSubtotal/cac:TaxCategory/cac:TaxScheme/cbc:ID,0..1
,,,,,,,3520,@currencyID,xsd:normalizedString,/ubl:Invoice/cac:TaxTotal[cbc:TaxAmount/@currencyID=/ubl:Invoice/cbc:TaxCurrencyCode]/cbc:TaxAmount/@currencyID,1..1
,,,,,,,3550,@currencyID,xsd:normalizedString,/ubl:Invoice/cac:TaxTotal[cbc:TaxAmount/@currencyID=/ubl:Invoice/cbc:TaxCurrencyCode]/cac:TaxSubtotal/cbc:TaxAmount/@currencyID,1..1
,,,,,,,3560,cac:TaxCategory,cac:TaxCategoryType,/ubl:Invoice/cac:TaxTotal[cbc:TaxAmount/@currencyID=/ubl:Invoice/cbc:TaxCurrencyCode]/cac:TaxSubtotal/cac:TaxCategory,1..1
,,,,,,,3610,@currencyID,xsd:normalizedString,/ubl:Invoice/cac:LegalMonetaryTotal/cbc:LineExtensionAmount/@currencyID,1..1
,,,,,,,3630,@currencyID,xsd:normalizedString,/ubl:Invoice/cac:LegalMonetaryTotal/cbc:TaxExclusiveAmount/@currencyID,1..1
,,,,,,,3650,@currencyID,xsd:normalizedString,/ubl:Invoice/cac:LegalMonetaryTotal/cbc:TaxInclusiveAmount/@currencyID,1..1
,,,,,,,3670,@currencyID,xsd:normalizedString,/ubl:Invoice/cac:LegalMonetaryTotal/cbc:AllowanceTotalAmount/@currencyID,1..1
,,,,,,,3690,@currencyID,xsd:normalizedString,/ubl:Invoice/cac:LegalMonetaryTotal/cbc:ChargeTotalAmount/@currencyID,1..1
,,,,,,,3710,@currencyID,xsd:normalizedString,/ubl:Invoice/cac:LegalMonetaryTotal/cbc:PrepaidAmount/@currencyID,1..1
,,,,,,,3730,@currencyID,xsd:normalizedString,/ubl:Invoice/cac:LegalMonetaryTotal/cbc:PayableRoundingAmount/@currencyID,1..1
,,,,,,,3750,@currencyID,xsd:normalizedString,/ubl:Invoice/cac:LegalMonetaryTotal/cbc:PayableAmount/@currencyID,1..1
,,,,,,,3820,@currencyID,xsd:normalizedString,/ubl:Invoice/cac:InvoiceLine/cbc:LineExtensionAmount/@currencyID,1..1
,,,,,,,3870,cac:OrderLineReference,cac:OrderLineReferenceType,/ubl:Invoice/cac:InvoiceLine/cac:OrderLineReference,0..n
,,,,,,,3890,cac:OrderReference,cac:OrderReferenceType,/ubl:Invoice/cac:InvoiceLine/cac:OrderLineReference/cac:OrderReference,0..1
,,,,,,,3910,cac:DespatchLineReference,cac:LineReferenceType,/ubl:Invoice/cac:InvoiceLine/cac:DespatchLineReference,0..n
,,,,,,,3920,cbc:LineID,udt:IdentifierType,/ubl:Invoice/cac:InvoiceLine/cac:DespatchLineReference/cbc:LineID,1..1
,,,,,,,3930,cac:DocumentReference,cac:DocumentReferenceType,/ubl:Invoice/cac:InvoiceLine/cac:DespatchLineReference/cac:DocumentReference,0..1
,,,,,,,3980,cac:DocumentReference,cac:DocumentReferenceType,/ubl:Invoice/cac:InvoiceLine/cac:DocumentReference[cbc:DocumentTypeCode='130'],0..n
,,,,,,,4020,cbc:ChargeIndicator,udt:IndicatorType,/ubl:Invoice/cac:InvoiceLine/cac:AllowanceCharge[cbc:ChargeIndicator=false()]/cbc:ChargeIndicator,1..1
,,,,,,,4070,@currencyID,xsd:normalizedString,/ubl:Invoice/cac:InvoiceLine/cac:AllowanceCharge[cbc:ChargeIndicator=false()]/cbc:Amount/@currencyID,1..1
,,,,,,,4090,@currencyID,xsd:normalizedString,/ubl:Invoice/cac:InvoiceLine/cac:AllowanceCharge[cbc:ChargeIndicator=false()]/cbc:BaseAmount/@currencyID,1..1
,,,,,,,4110,cbc:ChargeIndicator,udt:IndicatorType,/ubl:Invoice/cac:InvoiceLine/cac:AllowanceCharge[cbc:ChargeIndicator=true()]/cbc:ChargeIndicator,1..1
,,,,,,,4160,@currencyID,xsd:normalizedString,/ubl:Invoice/cac:InvoiceLine/cac:AllowanceCharge[cbc:ChargeIndicator=true()]/cbc:Amount/@currencyID,1..1
,,,,,,,4180,@currencyID,xsd:normalizedString,/ubl:Invoice/cac:InvoiceLine/cac:AllowanceCharge[cbc:ChargeIndicator=true()]/cbc:BaseAmount/@currencyID,1..1
,,,,,,,4220,cac:BuyersItemIdentification,cac:ItemIdentificationType,/ubl:Invoice/cac:InvoiceLine/cac:Item/cac:BuyersItemIdentification,0..1
,,,,,,,4240,cac:SellersItemIdentification,cac:ItemIdentificationType,/ubl:Invoice/cac:InvoiceLine/cac:Item/cac:SellersItemIdentification,0..1
,,,,,,,4260,cac:StandardItemIdentification,cac:ItemIdentificationType,/ubl:Invoice/cac:InvoiceLine/cac:Item/cac:StandardItemIdentification,0..1
,,,,,,,4290,cac:OriginCountry,cac:CountryType,/ubl:Invoice/cac:InvoiceLine/cac:Item/cac:OriginCountry,0..1
,,,,,,,4310,cac:CommodityClassification,cac:CommodityClassificationType,/ubl:Invoice/cac:InvoiceLine/cac:Item/cac:CommodityClassification,0..n
,,,,,,,4410,cac:TaxScheme,cac:TaxSchemeType,/ubl:Invoice/cac:InvoiceLine/cac:Item/cac:ClassifiedTaxCategory/cac:TaxScheme,1..1
,,,,,,,4480,@currencyID,xsd:normalizedString,/ubl:Invoice/cac:InvoiceLine/cac:Price/cbc:PriceAmount/@currencyID,1..1
,,,,,,,4510,cac:AllowanceCharge,cac:AllowanceChargeType,/ubl:Invoice/cac:InvoiceLine/cac:Price/cac:AllowanceCharge[cbc:ChargeIndicator=false()],0..n
,,,,,,,4520,cbc:ChargeIndicator,udt:IndicatorType,/ubl:Invoice/cac:InvoiceLine/cac:Price/cac:AllowanceCharge[cbc:ChargeIndicator=false()]/cbc:ChargeIndicator,1..1
,,,,,,,4540,@currencyID,xsd:normalizedString,/ubl:Invoice/cac:InvoiceLine/cac:Price/cac:AllowanceCharge[cbc:ChargeIndicator=false()]/cbc:Amount/@currencyID,1..1
,,,,,,,4560,@currencyID,xsd:normalizedString,/ubl:Invoice/cac:InvoiceLine/cac:Price/cac:AllowanceCharge[cbc:ChargeIndicator=false()]/cbc:BaseAmount/@currencyID,1..1
