,,,,,,,,,,,,,,,中小企業共通EDIメッセージ辞書・BIE表,,,,,,,,,,,,
,レベル,繰返し,項目名,項目定義,,,,,,,,"ヘッダ
明細文書
明細行",UN _CCL_ID,項目種,行番号,ID,項目名,項目定義,繰返し,SME CII XPath,,Id,Card.,Level,Business Term,Semantic datatype,UBL XPath
1,0,－,統合請求書,受注者が発注者に交付する月締め統合請求文書（メッセージ）,,,,,,,,ヘッダ,,MA,1,  ,統合請求書,受注者が発注者に交付する月締め統合請求文書（メッセージ）,－,,,,,,,,
2,,1..1,,,,,,,,,,ヘッダ,UN01005479,ASMA,2,CL1,取引設定クラス,メッセージの設定内容に関する情報からなるクラス,1..1,rsm:CIExchangedDocumentContext,,,,,,,
3,1,0..1,取引識別子,メッセージがやり取りされる取引番号,,,,,,,,ヘッダ,UN01005480,BBIE,3,ID1,取引識別子,メッセージがやり取りされる取引番号,0..1,rsm:CIExchangedDocumentContext/ram:SpecifiedTransactionID,,,,,,,
4,1,0..1,処理日時,メッセージがやり取りされる日時,,,,,,,,ヘッダ,UN01012746,BBIE,4,ID2,処理日時,メッセージがやり取りされる日時,0..1,rsm:CIExchangedDocumentContext/ram:ProcessingTransactionDateTime,,,,,,,
5,,1..1,,,,,,,,,,ヘッダ,UN01005481,ASBIE,5,CL2,取引プロセス設定クラス,取引プロセスに関する情報のクラス,1..1,,1270,IBG-02,1..1,1,プロセスコントロール,,0
6,1,1..1,取引プロセス識別子,"取引プロセスの識別子(ID)
共通EDIプロバイダがプロセスをセットする",,,,,,,,ヘッダ,UN01005472,BBIE,6,ID3,取引プロセス識別子,"取引プロセスの識別子(ID)
共通EDIプロバイダがプロセスをセットする",1..1,rsm:CIExchangedDocumentContext/ram:BusinessProcessSpecifiedCIDocumentContextParameter/ram:ID,1280,IBT-023,1..1,2,ビジネスプロセスタイプ,Text,/ubl:Invoice/cbc:ProfileID
7,1,0..1,取引プロセス名,取引プロセスの名称,,,,,,,,ヘッダ,UN01005473,BBIE,7,ID4,取引プロセス名,取引プロセスの名称,0..1,rsm:CIExchangedDocumentContext/ram:BusinessProcessSpecifiedCIDocumentContextParameter/ram:Value,,,,,,,
8,1,1..1,バージョン識別子,取引プロセスのバージョン識別子,,,,,,,,ヘッダ,UN01005476,BBIE,8,ID5,バージョン識別子,取引プロセスのバージョン識別子,1..1,rsm:CIExchangedDocumentContext/ram:BusinessProcessSpecifiedCIDocumentContextParameter/ram:SpecifiedCIDocumentVersion/ram:ID,,,,,,,
9,1,1..1,バージョン発行日,取引プロセスのバージョン発行日,,,,,,,,ヘッダ,UN01005478,BBIE,9,ID6,バージョン発行日,取引プロセスのバージョン発行日,1..1,rsm:CIExchangedDocumentContext/ram:BusinessProcessSpecifiedCIDocumentContextParameter/ram:SpecifiedCIDocumentVersion/ram:IssueDateTime,,,,,,,
10,,0..1,,,,,,,,,,ヘッダ,UN01005483,ASBIE,10,CL3,取引シナリオ設定クラス,取引シナリオに関する情報のクラス,0..1,,,,,,,,
11,1,0..1,取引シナリオ識別子,取引シナリオの識別子(ID),,,,,,,,ヘッダ,UN01005472,BBIE,11,ID7,取引シナリオ識別子,取引シナリオの識別子(ID),0..1,rsm:CIExchangedDocumentContext/ram:ScenarioSpecifiedCIDocumentContextParameter/ram:ID,,,,,,,
12,1,0..1,取引シナリオ名,取引シナリオの名称,,,,,,,,ヘッダ,UN01005473,BBIE,12,ID8,取引シナリオ名,取引シナリオの名称,0..1,rsm:CIExchangedDocumentContext/ram:ScenarioSpecifiedCIDocumentContextParameter/ram:Value,,,,,,,
13,,0..1,,,,,,,,,,ヘッダ,UN01005484,ASBIE,13,CL4,アプリケーション設定クラス,アプリケーションに関する情報のクラス,0..1,,,,,,,,
14,1,0..1,アプリケーション識別子,業務アプリケーションの識別子,,,,,,,,ヘッダ,UN01005472,BBIE,14,ID9,アプリケーション識別子,業務アプリケーションの識別子,0..1,rsm:CIExchangedDocumentContext/ram:ApplicationSpecifiedCIDocumentContextParameter/ram:ID,,,,,,,
15,1,0..1,アプリケーション名,業務アプリケーションの名称,,,,,,,,ヘッダ,UN01005473,BBIE,15,ID10,アプリケーション名,業務アプリケーションの名称,0..1,rsm:CIExchangedDocumentContext/ram:ApplicationSpecifiedCIDocumentContextParameter/ram:Value,,,,,,,
16,,1..1,,,,,,,,,,ヘッダ,UN01005486,ASBIE,16,CL5,業務領域設定クラス,JEC業界横断EDIメッセージ業務領域に関する情報のクラス,1..1,,,,,,,,
17,1,1..1,業務領域識別子,SIPSが付与したメッセージ業務領域識別子(ID),,,,,,,,ヘッダ,UN01005472,BBIE,17,ID11,業務領域識別子,SIPSが付与したメッセージ業務領域識別子(ID),1..1,rsm:CIExchangedDocumentContext/ram:SubsetSpecifiedCIDocumentContextParameter/ram:ID,1290,IBT-024,1..1,2,仕様ID,Identifier,/ubl:Invoice/cbc:CustomizationID
18,1,0..1,業務領域名,SIPSが付与したメッセージ業務領域名称,,,,,,,,ヘッダ,UN01005473,BBIE,18,ID12,業務領域名,SIPSが付与したメッセージ業務領域名称,0..1,rsm:CIExchangedDocumentContext/ram:SubsetSpecifiedCIDocumentContextParameter/ram:Value,,,,,,,
19,1,1..1,バージョン識別子,業務領域のバージョン識別子,,,,,,,,ヘッダ,UN01005476,BBIE,19,ID13,バージョン識別子,業務領域のバージョン識別子,1..1,rsm:CIExchangedDocumentContext/ram:BusinessProcessSpecifiedCIDocumentContextParameter/ram:SpecifiedCIDocumentVersion/ram:ID,,,,,,,
20,1,1..1,バージョン発行日,業務領域のバージョン発行日,,,,,,,,ヘッダ,UN01005478,BBIE,20,ID14,バージョン発行日,業務領域のバージョン発行日,1..1,rsm:CIExchangedDocumentContext/ram:BusinessProcessSpecifiedCIDocumentContextParameter/ram:SpecifiedCIDocumentVersion/ram:IssueDateTime,,,,,,,
21,,1..1,,,,,,,,,,ヘッダ,UN01005861,ASMA,21,ICL1,インボイス文書クラス,インボイス文書に関する情報項目のクラス,1..1,rsm:CIIHExchangedDocument,,,,,,,
22,1,1..1,インボイス文書番号,インボイス文書を識別する文書番号または文書文字列,,,,,,,,ヘッダ,UN01005862,BBIE,22,IID1,インボイス文書番号,インボイス文書を識別する文書番号または文書文字列,1..1,rsm:CIIHExchangedDocument/ram:ID,1010,IBT-001,1..1,1,請求書番号,Identifier,/ubl:Invoice/cbc:ID
23,1,0..1,インボイス文書名,インボイス文書の文書名称,,,,,,,,ヘッダ,UN01005863,BBIE,23,IID2,インボイス文書名,インボイス文書の文書名称,0..1,rsm:CIIHExchangedDocument/ram:Name,,,,,,,
24,1,1..1,インボイス文書タイプコード,"インボイス文書のタイプを識別するコード
デフォルトは「合算請求書パターン１」",,,,,,,,ヘッダ,UN01005864,BBIE,24,IID3,インボイス文書タイプコード,"インボイス文書のタイプを識別するコード
デフォルトは「合算請求書パターン１」",1..1,rsm:CIIHExchangedDocument/ram:TypeCode,1040,IBT-003,1..1,1,請求書タイプコード,Code,/ubl:Invoice/cbc:InvoiceTypeCode
25,1,1..1,インボイス文書発効日,インボイス文書の発行日付，またはインボイス文書の書面上の発行日付。,,,,,,,,ヘッダ,UN01005865,BBIE,25,IID4,インボイス文書発効日,インボイス文書の発行日付，またはインボイス文書の書面上の発行日付。,1..1,rsm:CIIHExchangedDocument/ram:IssueDateTime,1020,IBT-002,1..1,1,請求書発行日,Date,/ubl:Invoice/cbc:IssueDate
26,1,0..1,インボイス文書履歴番号,インボイス文書の変更履歴を管理する番,,,,,,,,ヘッダ,UN01005874,BBIE,26,IID5,インボイス文書履歴番号,インボイス文書の変更履歴を管理する番,0..1,rsm:CIIHExchangedDocument/ram:PreviousRevisionID,,,,,,,
27,1,1..1,インボイス文書類型コード,"インボイス文書の類型（単一文書日本円取引、単一文書外貨建て取引、統合文書日本円取引等）を識別するコード
デフォルトは「単一文書日本円取引」",,,,,,,,ヘッダ,UN01005875,BBIE,27,IID6,インボイス文書類型コード,"インボイス文書の類型（単一文書日本円取引、単一文書外貨建て取引、統合文書日本円取引等）を識別するコード
デフォルトは「単一文書日本円取引」",1..1,rsm:CIIHExchangedDocument/ram:CategoryCode,,,,,,,
28,1,1..1,インボイス文書サブタイプコード,"地域固有の文書のタイプを識別するコード
デフォルトは「合算請求書パターン１」",,,,,,,,ヘッダ,UN01014636,BBIE,28,IID7,インボイス文書サブタイプコード,"地域固有の文書のタイプを識別するコード
デフォルトは「合算請求書パターン１」",1..1,rsm:CIIHExchangedDocument/ram:SubtypeCode,,,,,,,
29,1,0..n,インボイス文書注釈,インボイス文書の注釈を記述するためのクラス,,,,,,,,ヘッダ,UN01005876,ASBIE,29,ICL2,インボイス文書注釈クラス,インボイス文書の注釈を記述するためのクラス,0..n,,,,,,,,
30,2,0..1,インボイス文書注釈表題,注釈内容の表題を示す。,,,,,,,,ヘッダ,UN01005558,BBIE,30,IID8,インボイス文書注釈表題,注釈内容の表題を示す。,0..1,rsm:CIIHExchangedDocument/ram:IncludedCINote/ram:Subject,,,,,,,
31,2,0..1,インボイス文書注釈内容,注釈項目毎の内容情報を入力するフリースペース。,,,,,,,,ヘッダ,UN01005560,BBIE,31,IID9,インボイス文書注釈内容,注釈項目毎の内容情報を入力するフリースペース。,0..1,rsm:CIIHExchangedDocument/ram:IncludedCINote/ram:Content,1260,IBT-022,0..1,1,請求書注釈内容,Text,/ubl:Invoice/cbc:Note
32,2,0..1,インボイス文書注釈識別子,注釈の識別番号,,,,,,,,ヘッダ,UN01005562,BBIE,32,IID10,インボイス文書注釈識別子,注釈の識別番号,0..1,rsm:CIIHExchangedDocument/ram:IncludedCINote/ram:ID,,,,,,,
33,1,,先行請求書への参照,,,,,,,,,ヘッダ,,,,,,,,,1300,IBG-03,0..n,1,先行請求書への参照,,/ubl:Invoice/cac:BillingReference
34,2,,先行請求書への参照,,,,,,,,,ヘッダ,,,,,,,,,1310,IBT-025,1..1,2,先行請求書への参照,Document Reference,/ubl:Invoice/cac:BillingReference/cac:InvoiceDocumentReference/cbc:ID
35,2,,先行請求書発行日,,,,,,,,,ヘッダ,,,,,,,,,1320,IBT-026,0..1,2,先行請求書発行日,Date,/ubl:Invoice/cac:BillingReference/cac:InvoiceDocumentReference/cbc:IssueDate
36,1,0..n,（ヘッダ参照）文書,インボイス文書が参照する文書クラス,,,,,,,,ヘッダ,UN01012702,ASBIE,33,ICL3,（ヘッダ参照）文書クラス,インボイス文書が参照する文書クラス,0..n,,2870,IBG-24,0..n,1,添付書類,,/ubl:Invoice/cac:AdditionalDocumentReference[not(cbc:DocumentTypeCode='130')]
37,2,1..1,（ヘッダ参照）文書番号,インボイス文書が参照する参照文書の番号,,,,,,,,ヘッダ,UN01005580,BBIE,34,IID11,（ヘッダ参照）文書番号,インボイス文書が参照する参照文書の番号,1..1,rsm:CIIHExchangedDocument/ram:ReferenceCIReferencedDocument/ram:IssuerAssignedID,2880,IBT-122,1..1,2,添付書類への参照,Document Reference,/ubl:Invoice/cac:AdditionalDocumentReference[not(cbc:DocumentTypeCode='130')]/cbc:ID
38,2,0..1,（ヘッダ参照）文書発行日,インボイス文書が参照する参照文書の発行日,,,,,,,,ヘッダ,UN01005582,BBIE,35,IID12,（ヘッダ参照）文書発行日,インボイス文書が参照する参照文書の発行日,0..1,rsm:CIIHExchangedDocument/ram:ReferenceCIReferencedDocument/ram:IssueDateTime,1320,IBT-026,0..1,2,先行請求書発行日,Date,/ubl:Invoice/cac:BillingReference/cac:InvoiceDocumentReference/cbc:IssueDate
39,2,0..1,（ヘッダ参照）文書履歴番号,インボイス文書が参照する文書の変更履歴を管理する番号。,,,,,,,,ヘッダ,UN01005588,BBIE,36,IID13,（ヘッダ参照）文書履歴番号,インボイス文書が参照する文書の変更履歴を管理する番号。,0..1,rsm:CIIHExchangedDocument/ram:ReferenceCIReferencedDocument/ram:RevisionID,,,,,,,
40,2,0..1,（ヘッダ参照）文書情報,インボイス文書が参照する参照文書に記載の情報,,,,,,,,ヘッダ,UN01006415,BBIE,37,IID14,（ヘッダ参照）文書情報,インボイス文書が参照する参照文書に記載の情報,0..1,rsm:CIIHExchangedDocument/ram:ReferenceCIReferencedDocument/ram:Information,2890,IBT-123,0..1,2,添付書類の説明,Text,/ubl:Invoice/cac:AdditionalDocumentReference[not(cbc:DocumentTypeCode='130')]/cbc:DocumentDescription
41,2,1..1,（ヘッダ参照）文書タイプコード,インボイス文書が参照する参照文書の文書タイプを識別するコード,,,,,,,,ヘッダ,UN01009672,BBIE,38,IID15,（ヘッダ参照）文書タイプコード,インボイス文書が参照する参照文書の文書タイプを識別するコード,1..1,rsm:CIIHExchangedDocument/ram:ReferenceCIReferencedDocument/ram:TypeCode,,,,,,,
42,2,0..1,（ヘッダ参照）文書添付ファイル,"インボイス文書の添付バイナリファイルの有無を識別するコード
なしの場合はNULL（デファクト）
ありの場合はヘッダの添付バイナリファイル識別子（UN01006015）を指定する。",,,,,,,,ヘッダ,UN01011455,BBIE,39,IID16,（ヘッダ参照）文書添付ファイル,"インボイス文書の添付バイナリファイルの有無を識別するコード
なしの場合はNULL（デファクト）
ありの場合はヘッダの添付バイナリファイル識別子（UN01006015）を指定する。",0..1,rsm:CIIHExchangedDocument/ram:ReferenceCIReferencedDocument/ram:AttachmentBinaryObject,,,,,,,
43,2,0..1,（ヘッダ参照）文書サブタイプコード,インボイス文書が参照する参照文書のサブタイプコード,,,,,,,,ヘッダ,UN01014899,BBIE,40,IID17,（ヘッダ参照）文書サブタイプコード,インボイス文書が参照する参照文書のサブタイプコード,0..1,rsm:CIIHExchangedDocument/ram:ReferenceCIReferencedDocument/ram:SubtypeCode,,,,,,,
44,1,0..n,添付バイナリファイル,添付バイナリファイルを記述するためのクラス,,,,,,,,ヘッダ,JPS2200015,ASBIE,41,ICL4,添付バイナリファイルクラス,添付バイナリファイルを記述するためのクラス,0..n,,,,,,,,
45,2,,,,,,,,,,,,,,,,,,,,2900,IBT-125,0..1,2,添付書類,Binary object,/ubl:Invoice/cac:AdditionalDocumentReference[not(cbc:DocumentTypeCode='130')]/cac:Attachment/cbc:EmbeddedDocumentBinaryObject
46,2,0..1,添付バイナリファイル識別子,添付バイナリファイルの識別子,,,,,,,,ヘッダ,UN01006015,BBIE,42,IID18,添付バイナリファイル識別子,添付バイナリファイルの識別子,0..1,rsm:CIIHExchangedDocument/ram:AttachedSpecifiedBinaryFile/ram:ID,,,,,,,
47,,0..1,添付バイナリファイル名,添付バイナリファイルの名称,,,,,,,,ヘッダ,UN01006019,BBIE,43,IID19,添付バイナリファイル名,添付バイナリファイルの名称,0..1,rsm:CIIHExchangedDocument/ram:AttachedSpecifiedBinaryFile/ram:FileName,2920,ibt-125-2,1..1,3,添付書類ファイル名,Text,/ubl:Invoice/cac:AdditionalDocumentReference[not(cbc:DocumentTypeCode='130')]/cac:Attachment/cbc:EmbeddedDocumentBinaryObject/@filename
48,,0..1,添付バイナリファイルURI識別子,添付バイナリファイルの外部保管URI識別子,,,,,,,,ヘッダ,UN01006020,BBIE,44,IID20,添付バイナリファイルURI識別子,添付バイナリファイルの外部保管URI識別子,0..1,rsm:CIIHExchangedDocument/ram:AttachedSpecifiedBinaryFile/ram:URIID,2930,IBT-124,0..1,2,外部ドキュメントのロケーション,Text,/ubl:Invoice/cac:AdditionalDocumentReference[not(cbc:DocumentTypeCode='130')]/cac:Attachment/cac:ExternalReference/cbc:URI
49,,1..1,添付バイナリファイルのMIMEコード,添付バイナリファイルのMIMEコード,,,,,,,,ヘッダ,UN01006021,BBIE,45,IID21,添付バイナリファイルのMIMEコード,添付バイナリファイルのMIMEコード,1..1,rsm:CIIHExchangedDocument/ram:AttachedSpecifiedBinaryFile/ram:MIMECode,2910,ibt-125-1,1..1,3,添付書類MIMEコード,Code,/ubl:Invoice/cac:AdditionalDocumentReference[not(cbc:DocumentTypeCode='130')]/cac:Attachment/cbc:EmbeddedDocumentBinaryObject/@mimeCode
50,,0..1,添付バイナリファイルの説明文,添付バイナリファイルの説明文,,,,,,,,ヘッダ,UN01006026,BBIE,46,IID22,添付バイナリファイルの説明文,添付バイナリファイルの説明文,0..1,rsm:CIIHExchangedDocument/ram:AttachedSpecifiedBinaryFile/ram:Description,,,,,,,
51,,1..1,受注者,受注者に関する情報からなるクラス。,,,,,,,,ヘッダ,UN01005879,ASBIE,47,ICL5,受注者クラス,受注者に関する情報からなるクラス。,1..1,,1330,IBG-04,1..1,1,売り手,,/ubl:Invoice/cac:AccountingSupplierParty
52,,1..1,受注者コード,注文を受ける企業/工場・事業所・事業部門等を表すコード。デフォルトはデータなし。,,,,,,,,ヘッダ,UN01005757,BBIE,48,IID23,受注者コード,注文を受ける企業/工場・事業所・事業部門等を表すコード。デフォルトはデータなし。,1..1,rsm:CIIHSupplyChainTradeTransaction/ram:ApplicableCIIHSupplyChainTradeAgreement/ram:SellerCITradeParty/ram:ID,1360,IBT-029,0..n,2,売り手ID,Identifier,"/ubl:Invoice/cac:AccountingSupplierParty/cac:Party/cac:PartyIdentification/cbc:ID[not(@schemeID=""SEPA"")]"
53,,0..1,受注者国際企業コード,注文を受ける企業を表す国際企業コード。中小企業共通EDIでは法人番号を利用,,,,,,,,ヘッダ,UN01005758,BBIE,49,IID24,受注者国際企業コード,注文を受ける企業を表す国際企業コード。中小企業共通EDIでは法人番号を利用,0..1,rsm:CIIHSupplyChainTradeTransaction/ram:ApplicableCIIHSupplyChainTradeAgreement/ram:SellerCITradeParty/ram:GlobalID,1380,IBT-030,0..1,2,売り手法人ID,Identifier,/ubl:Invoice/cac:AccountingSupplierParty/cac:Party/cac:PartyLegalEntity/cbc:CompanyID
54,,1..1,受注者名称,注文を受ける企業/工場・事業所・事業部門等を表す名称。適格請求書、または区分記載請求書を発行する事業者名。,,,,,,,,ヘッダ,UN01005759,BBIE,50,IID25,受注者名称,注文を受ける企業/工場・事業所・事業部門等を表す名称。適格請求書、または区分記載請求書を発行する事業者名。,1..1,rsm:CIIHSupplyChainTradeTransaction/ram:ApplicableCIIHSupplyChainTradeAgreement/ram:SellerCITradeParty/ram:Name,1340,IBT-027,1..1,2,売り手名称,Text,/ubl:Invoice/cac:AccountingSupplierParty/cac:Party/cac:PartyLegalEntity/cbc:RegistrationName
55,,1..1,適格請求書発行事業者登録番号,"国税庁へ登録された適格請求書発行事業者登録番号（区分記載請求書発行者についてはなし）
T1234567890123",,,,,,,,ヘッダ,UN01013039,BBIE,51,IID26,適格請求書発行事業者登録番号,"国税庁へ登録された適格請求書発行事業者登録番号（区分記載請求書発行者についてはなし）
T1234567890123",1..1,rsm:CIIHSupplyChainTradeTransaction/ram:ApplicableCIIHSupplyChainTradeAgreement/ram:SellerCITradeParty/ram:RegisteredID,1400,IBT-031,0..1,2,売り手税ID,Identifier,/ubl:Invoice/cac:AccountingSupplierParty/cac:Party/cac:PartyTaxScheme[cac:TaxScheme/cbc:ID='VAT']/cbc:CompanyID
56,,,,,,,,,,,,,UN01005765,ASBIE,,,,,,,,,,,,,
57,,,,,,,,,,,,,UN01005859,BBIE,,,,,,,1430,IBT-034,1..1,2,売り手電子アドレス,Identifier,/ubl:Invoice/cac:AccountingSupplierParty/cac:Party/cbc:EndpointID
58,,,,,,,,,,,,,UN01005860,BBIE,,,,,,,1440,IBT-034-1,1..1,3,スキーマID,Code,/ubl:Invoice/cac:AccountingSupplierParty/cac:Party/cbc:EndpointID/@schemeID
59,,0..1,受注者連絡先,連絡先に関する情報からなるクラス。,,,,,,,,ヘッダ,UN01005761,ASBIE,52,ICL6,受注者連絡先クラス,連絡先に関する情報からなるクラス。,0..1,,1540,IBG-06,0..1,2,売り手連絡先,,/ubl:Invoice/cac:AccountingSupplierParty/cac:Party/cac:Contact
60,,0..1,受注部門コード,受注者の受注部門を表すコード。,,,,,,,,ヘッダ,UN01005719,BBIE,53,IID27,受注部門コード,受注者の受注部門を表すコード。,0..1,rsm:CIIHSupplyChainTradeTransaction/ram:ApplicableCIIHSupplyChainTradeAgreement/ram:SellerCITradeParty/ram:DefinedCITradeContact/ram:ID,,,,,,,
61,,0..1,受注者担当名,受注者連絡先の個人の、文字で表現された名前。,,,,,,,,ヘッダ,UN01005720,BBIE,54,IID28,受注者担当名,受注者連絡先の個人の、文字で表現された名前。,0..1,rsm:CIIHSupplyChainTradeTransaction/ram:ApplicableCIIHSupplyChainTradeAgreement/ram:SellerCITradeParty/ram:DefinedCITradeContact/ram:PersonName,1550,IBT-041,0..1,3,売り手連絡先,Text,/ubl:Invoice/cac:AccountingSupplierParty/cac:Party/cac:Contact/cbc:Name
62,,0..1,受注者部門名,受注者の受注部門の名称。,,,,,,,,ヘッダ,UN01005721,BBIE,55,IID29,受注者部門名,受注者の受注部門の名称。,0..1,rsm:CIIHSupplyChainTradeTransaction/ram:ApplicableCIIHSupplyChainTradeAgreement/ram:SellerCITradeParty/ram:DefinedCITradeContact/ram:DepartmentName,1550,IBT-041,0..1,3,売り手連絡先,Text,/ubl:Invoice/cac:AccountingSupplierParty/cac:Party/cac:Contact/cbc:Name
63,,0..1,受注者担当コード,受注者個人を表すコード,,,,,,,,ヘッダ,UN01005725,BBIE,56,IID30,受注者担当コード,受注者個人を表すコード,0..1,rsm:CIIHSupplyChainTradeTransaction/ram:ApplicableCIIHSupplyChainTradeAgreement/ram:SellerCITradeParty/ram:DefinedCITradeContact/ram:PersonID,,,,,,,
64,,0..1,受注者電話番号,受注者の電話番号。,,,,,,,,ヘッダ,UN01005860,BBIE,57,IID31,受注者電話番号,受注者の電話番号。,0..1,rsm:CIIHSupplyChainTradeTransaction/ram:ApplicableCIIHSupplyChainTradeAgreement/ram:SellerCITradeParty/ram:DefinedCITradeContact/ram:TelephoneCIUniversalCommunication/ram:CompleteNumber,1560,IBT-042,0..1,3,売り手連絡先電話番号,Text,/ubl:Invoice/cac:AccountingSupplierParty/cac:Party/cac:Contact/cbc:Telephone
65,,0..1,受注者FAX番号,受注者のFAX番号,,,,,,,,ヘッダ,UN01005860,BBIE,58,IID32,受注者FAX番号,受注者のFAX番号,0..1,rsm:CIIHSupplyChainTradeTransaction/ram:ApplicableCIIHSupplyChainTradeAgreement/ram:SellerCITradeParty/ram:DefinedCITradeContact/ram:FaxCIUniversalCommunication/ram:CompleteNumber,,,,,,,
66,,0..1,受注者メールアドレス,受注者の電子メールアドレス。,,,,,,,,ヘッダ,UN01005858,BBIE,59,IID33,受注者メールアドレス,受注者の電子メールアドレス。,0..1,rsm:CIIHSupplyChainTradeTransaction/ram:ApplicableCIIHSupplyChainTradeAgreement/ram:SellerCITradeParty/ram:DefinedCITradeContact/ram:EmailURICIUniversalCommunication/ram:URIID,1570,IBT-043,0..1,3,売り手連絡先電子メールアドレス,Text,/ubl:Invoice/cac:AccountingSupplierParty/cac:Party/cac:Contact/cbc:ElectronicMail
67,,0..1,受注者住所,受注者住所に関する情報からなるクラス。,,,,,,,,ヘッダ,UN01005762,ASBIE,60,ICL7,受注者住所クラス,受注者住所に関する情報からなるクラス。,0..1,,1460,IBG-05,1..1,2,売り手住所,,/ubl:Invoice/cac:AccountingSupplierParty/cac:Party/cac:PostalAddress
68,,0..1,受注者郵便番号,受注者の郵便番号。,,,,,,,,ヘッダ,UN01005689,BBIE,61,IID34,受注者郵便番号,受注者の郵便番号。,0..1,rsm:CIIHSupplyChainTradeTransaction/ram:ApplicableCIIHSupplyChainTradeAgreement/ram:SellerCITradeParty/ram:PostalCITradeAddress/ram:PostcodeCode,1510,IBT-038,0..1,3,売り手郵便番号,Text,/ubl:Invoice/cac:AccountingSupplierParty/cac:Party/cac:PostalAddress/cbc:PostalZone
69,,0..1,受注者住所1,受注者の住所1行目。,,,,,,,,ヘッダ,UN01005692,BBIE,62,IID35,受注者住所1,受注者の住所1行目。,0..1,rsm:CIIHSupplyChainTradeTransaction/ram:ApplicableCIIHSupplyChainTradeAgreement/ram:SellerCITradeParty/ram:PostalCITradeAddress/ram:LineOne,1470,IBT-035,0..1,3,売り手住所欄1,Text,/ubl:Invoice/cac:AccountingSupplierParty/cac:Party/cac:PostalAddress/cbc:StreetName
70,,0..1,受注者住所2,受注者の住所2行目。,,,,,,,,ヘッダ,UN01005693,BBIE,63,IID36,受注者住所2,受注者の住所2行目。,0..1,rsm:CIIHSupplyChainTradeTransaction/ram:ApplicableCIIHSupplyChainTradeAgreement/ram:SellerCITradeParty/ram:PostalCITradeAddress/ram:LineTwo,1480,IBT-036,0..1,3,売り手住所欄2,Text,/ubl:Invoice/cac:AccountingSupplierParty/cac:Party/cac:PostalAddress/cbc:AdditionalStreetName
71,,0..1,受注者住所3,受注者の住所3行目。,,,,,,,,ヘッダ,UN01005694,BBIE,64,IID37,受注者住所3,受注者の住所3行目。,0..1,rsm:CIIHSupplyChainTradeTransaction/ram:ApplicableCIIHSupplyChainTradeAgreement/ram:SellerCITradeParty/ram:PostalCITradeAddress/ram:LineThree,1490,IBT-162,0..1,3,売り手住所欄3,Text,/ubl:Invoice/cac:AccountingSupplierParty/cac:Party/cac:PostalAddress/cac:AddressLine/cbc:Line
72,,1..1,受注者国識別子,受注者の国ID。デフォルトは「JP」,,,,,,,,ヘッダ,UN01005700,BBIE,65,IID38,受注者国識別子,受注者の国ID。デフォルトは「JP」,1..1,rsm:CIIHSupplyChainTradeTransaction/ram:ApplicableCIIHSupplyChainTradeAgreement/ram:SellerCITradeParty/ram:PostalCITradeAddress/ram:CountryID,1530,IBT-040,1..1,3,売り手国コード,Code,/ubl:Invoice/cac:AccountingSupplierParty/cac:Party/cac:PostalAddress/cac:Country/cbc:IdentificationCode
73,,1..1,発注者,発注者に関する情報からなるクラス。,,,,,,,,ヘッダ,UN01005880,ASBIE,66,ICL8,発注者クラス,発注者に関する情報からなるクラス。,1..1,,1580,IBG-07,1..1,1,買い手,,/ubl:Invoice/cac:AccountingCustomerParty
74,,1..1,発注者コード,注文を行う企業/工場・事業所・事業部門等を表すコード。デフォルトはデータなし。,,,,,,,,ヘッダ,UN01005757,BBIE,67,IID39,発注者コード,注文を行う企業/工場・事業所・事業部門等を表すコード。デフォルトはデータなし。,1..1,rsm:CIIHSupplyChainTradeTransaction/ram:ApplicableCIIHSupplyChainTradeAgreement/ram:BuyerCITradeParty/ram:ID,,,,,,,
75,,0..1,発注者国際企業コード,注文を行う企業を表す国際企業コード。中小企業共通EDIでは法人番号を利用,,,,,,,,ヘッダ,UN01005758,BBIE,68,IID40,発注者国際企業コード,注文を行う企業を表す国際企業コード。中小企業共通EDIでは法人番号を利用,0..1,rsm:CIIHSupplyChainTradeTransaction/ram:ApplicableCIIHSupplyChainTradeAgreement/ram:BuyerCITradeParty/ram:GlobalID,1610,IBT-046,0..1,2,買い手ID,Identifier,/ubl:Invoice/cac:AccountingCustomerParty/cac:Party/cac:PartyIdentification/cbc:ID
76,,1..1,発注者名称,発注を行う企業/工場・事業所・事業部門等の名称,,,,,,,,ヘッダ,UN01005759,BBIE,69,IID41,発注者名称,発注を行う企業/工場・事業所・事業部門等の名称,1..1,rsm:CIIHSupplyChainTradeTransaction/ram:ApplicableCIIHSupplyChainTradeAgreement/ram:BuyerCITradeParty/ram:Name,1590,IBT-044,1..1,2,買い手名称,Text,/ubl:Invoice/cac:AccountingCustomerParty/cac:Party/cac:PartyLegalEntity/cbc:RegistrationName
77,,0..1,適格請求書発行事業者登録番号,"登録された発注者の適格請求書発行事業者登録番号
（免税事業者についてはなし）",,,,,,,,ヘッダ,UN01013039,BBIE,70,IID42,適格請求書発行事業者登録番号,"登録された発注者の適格請求書発行事業者登録番号
（免税事業者についてはなし）",0..1,rsm:CIIHSupplyChainTradeTransaction/ram:ApplicableCIIHSupplyChainTradeAgreement/ram:SellerCITradeParty/ram:RegisteredID,1630,IBT-047,0..1,2,買い手法人ID,Identifier,/ubl:Invoice/cac:AccountingCustomerParty/cac:Party/cac:PartyLegalEntity/cbc:CompanyID
78,,,,,,,,,,,,,UN01005765,ASBIE,,,,,,,,,,,,,
79,,,,,,,,,,,,,UN01005859,BBIE,,,,,,,1660,IBT-049,1..1,2,買い手電子アドレス,Identifier,/ubl:Invoice/cac:AccountingCustomerParty/cac:Party/cbc:EndpointID
80,,,,,,,,,,,,,UN01005860,BBIE,,,,,,,1670,IBT-049-1,1..1,3,スキーマID,Code,/ubl:Invoice/cac:AccountingCustomerParty/cac:Party/cbc:EndpointID/@schemeID
81,,0..1,発注者連絡先,連絡先に関する情報からなるクラス。,,,,,,,,ヘッダ,UN01005761,ASBIE,71,ICL9,発注者連絡先クラス,連絡先に関する情報からなるクラス。,0..1,,1760,IBG-09,0..1,2,買い手連絡先,,/ubl:Invoice/cac:AccountingCustomerParty/cac:Party/cac:Contact
82,,0..1,発注者部門コード,発注者の発注部門を表すコード。,,,,,,,,ヘッダ,UN01005719,BBIE,72,IID43,発注者部門コード,発注者の発注部門を表すコード。,0..1,rsm:CIIHSupplyChainTradeTransaction/ram:ApplicableCIIHSupplyChainTradeAgreement/ram:BuyerCITradeParty/ram:DefinedCITradeContact/ram:ID,,,,,,,
83,,0..1,発注者担当名,発注者の発注担当者の名称,,,,,,,,ヘッダ,UN01005720,BBIE,73,IID44,発注者担当名,発注者の発注担当者の名称,0..1,rsm:CIIHSupplyChainTradeTransaction/ram:ApplicableCIIHSupplyChainTradeAgreement/ram:BuyerCITradeParty/ram:DefinedCITradeContact/ram:PersonName,1770,IBT-056,0..1,3,買い手連絡先,Text,/ubl:Invoice/cac:AccountingCustomerParty/cac:Party/cac:Contact/cbc:Name
84,,0..1,発注者部門名,発注者の発注部門の名称。,,,,,,,,ヘッダ,UN01005721,BBIE,74,IID45,発注者部門名,発注者の発注部門の名称。,0..1,rsm:CIIHSupplyChainTradeTransaction/ram:ApplicableCIIHSupplyChainTradeAgreement/ram:BuyerCITradeParty/ram:DefinedCITradeContact/ram:DepartmentName,1770,IBT-056,0..1,3,買い手連絡先,Text,/ubl:Invoice/cac:AccountingCustomerParty/cac:Party/cac:Contact/cbc:Name
85,,0..1,発注者担当コード,発注者個人を表すコード,,,,,,,,ヘッダ,UN01005725,BBIE,75,IID46,発注者担当コード,発注者個人を表すコード,0..1,rsm:CIIHSupplyChainTradeTransaction/ram:ApplicableCIIHSupplyChainTradeAgreement/ram:BuyerCITradeParty/ram:DefinedCITradeContact/ram:PersonID,,,,,,,
86,,0..1,発注者電話番号,発注者の電話番号。,,,,,,,,ヘッダ,UN01005860,BBIE,76,IID47,発注者電話番号,発注者の電話番号。,0..1,rsm:CIIHSupplyChainTradeTransaction/ram:ApplicableCIIHSupplyChainTradeAgreement/ram:BuyerCITradeParty/ram:DefinedCITradeContact/ram:TelephoneCIUniversalCommunication/ram:CompleteNumber,1780,IBT-057,0..1,3,買い手連絡先電話番号,Text,/ubl:Invoice/cac:AccountingCustomerParty/cac:Party/cac:Contact/cbc:Telephone
87,,0..1,発注者FAX番号,発注者のFAX番号,,,,,,,,ヘッダ,UN01005860,BBIE,77,IID48,発注者FAX番号,発注者のFAX番号,0..1,rsm:CIIHSupplyChainTradeTransaction/ram:ApplicableCIIHSupplyChainTradeAgreement/ram:BuyerCITradeParty/ram:DefinedCITradeContact/ram:FaxCIUniversalCommunication/ram:CompleteNumber,,,,,,,
88,,0..1,発注者メールアドレス,発注者の電子メールアドレス。,,,,,,,,ヘッダ,UN01005858,BBIE,78,IID49,発注者メールアドレス,発注者の電子メールアドレス。,0..1,rsm:CIIHSupplyChainTradeTransaction/ram:ApplicableCIIHSupplyChainTradeAgreement/ram:BuyerCITradeParty/ram:DefinedCITradeContact/ram:EmailURICIUniversalCommunication/ram:URIID,1790,IBT-058,0..1,3,買い手連絡先電子メールアドレス,Text,/ubl:Invoice/cac:AccountingCustomerParty/cac:Party/cac:Contact/cbc:ElectronicMail
89,,0..1,発注者住所,発注者住所に関する情報からなるクラス。,,,,,,,,ヘッダ,UN01005762,ASBIE,79,ICL10,発注者住所クラス,発注者住所に関する情報からなるクラス。,0..1,,1680,IBG-08,1..1,2,買い手住所,,/ubl:Invoice/cac:AccountingCustomerParty/cac:Party/cac:PostalAddress
90,,0..1,発注者郵便番号,発注者の郵便番号。,,,,,,,,ヘッダ,UN01005689,BBIE,80,IID50,発注者郵便番号,発注者の郵便番号。,0..1,rsm:CIIHSupplyChainTradeTransaction/ram:ApplicableCIIHSupplyChainTradeAgreement/ram:BuyerCITradeParty/ram:PostalCITradeAddress/ram:PostcodeCode,1730,IBT-053,0..1,3,買い手郵便番号,Text,/ubl:Invoice/cac:AccountingCustomerParty/cac:Party/cac:PostalAddress/cbc:PostalZone
91,,0..1,発注者住所1,発注者の住所1行目。,,,,,,,,ヘッダ,UN01005692,BBIE,81,IID51,発注者住所1,発注者の住所1行目。,0..1,rsm:CIIHSupplyChainTradeTransaction/ram:ApplicableCIIHSupplyChainTradeAgreement/ram:BuyerCITradeParty/ram:PostalCITradeAddress/ram:LineOne,1690,IBT-050,0..1,3,買い手住所欄1,Text,/ubl:Invoice/cac:AccountingCustomerParty/cac:Party/cac:PostalAddress/cbc:StreetName
92,,0..1,発注者住所2,発注者の住所2行目。,,,,,,,,ヘッダ,UN01005693,BBIE,82,IID52,発注者住所2,発注者の住所2行目。,0..1,rsm:CIIHSupplyChainTradeTransaction/ram:ApplicableCIIHSupplyChainTradeAgreement/ram:BuyerCITradeParty/ram:PostalCITradeAddress/ram:LineTwo,1700,IBT-051,0..1,3,買い手住所欄2,Text,/ubl:Invoice/cac:AccountingCustomerParty/cac:Party/cac:PostalAddress/cbc:AdditionalStreetName
93,,0..1,発注者住所3,発注者の住所3行目。,,,,,,,,ヘッダ,UN01005694,BBIE,83,IID53,発注者住所3,発注者の住所3行目。,0..1,rsm:CIIHSupplyChainTradeTransaction/ram:ApplicableCIIHSupplyChainTradeAgreement/ram:BuyerCITradeParty/ram:PostalCITradeAddress/ram:LineThree,1710,IBT-163,0..1,3,買い手住所欄3,Text,/ubl:Invoice/cac:AccountingCustomerParty/cac:Party/cac:PostalAddress/cac:AddressLine/cbc:Line
94,,1..1,発注者国識別子,発注者の国ID。デフォルトは「JP」,,,,,,,,ヘッダ,UN01005700,BBIE,84,IID54,発注者国識別子,発注者の国ID。デフォルトは「JP」,1..1,rsm:CIIHSupplyChainTradeTransaction/ram:ApplicableCIIHSupplyChainTradeAgreement/ram:BuyerCITradeParty/ram:PostalCITradeAddress/ram:CountryID,1750,IBT-055,1..1,3,買い手国コード,Code,/ubl:Invoice/cac:AccountingCustomerParty/cac:Party/cac:PostalAddress/cac:Country/cbc:IdentificationCode
95,,0..1,プロジェクト調達,プロジェクト調達に関する情報のクラス,,,,,,,,ヘッダ,UN01011516,ASBIE,85,ICL11,プロジェクト調達クラス,プロジェクト調達に関する情報のクラス,0..1,,,,,,,,
96,,0..1,プロジェクト番号,発注品に関するプロジェクト・工事案件等を管理するための番号。,,,,,,,,ヘッダ,UN01000372,BBIE,86,IID55,プロジェクト番号,発注品に関するプロジェクト・工事案件等を管理するための番号。,0..1,rsm:CIIHSupplyChainTradeTransaction/ram:ApplicableCIIHSupplyChainTradeAgreement/ram:SpecifiedProcuringProject/ram:ID,1110,IBT-011,0..1,1,プロジェクト参照,Document Reference,/ubl:Invoice/cac:ProjectReference/cbc:ID
97,,0..1,プロジェクト名,発注品に関するプロジェクト・工事案件等の名称。,,,,,,,,ヘッダ,UN01000374,BBIE,87,IID56,プロジェクト名,発注品に関するプロジェクト・工事案件等の名称。,0..1,rsm:CIIHSupplyChainTradeTransaction/ram:ApplicableCIIHSupplyChainTradeAgreement/ram:SpecifiedProcuringProject/ram:Name,,,,,,,
98,,1..1,インボイス文書決済,インボイス文書の決済に関する情報からなるクラス。,,,,,,,,ヘッダ,UN01005939,ASBIE,88,ICL12,インボイス文書決済クラス,インボイス文書の決済に関する情報からなるクラス。,1..1,,,,,,,,
99,,1..1,税通貨コード,税の通貨コード。デフォルトはJPY,,,,,,,,ヘッダ,UN01005913,BBIE,89,IID57,税通貨コード,税の通貨コード。デフォルトはJPY,1..1,rsm:CIIHSupplyChainTradeTransaction/ram:ApplicableCIIHSupplyChainTradeSettlement/ram:TaxCurrencyCode,1060,IBT-006,0..1,1,税会計報告用通貨コード,Code,/ubl:Invoice/cbc:TaxCurrencyCode
100,,1..1,文書通貨コード,文書の通貨コード。デフォルトはJPY,,,,,,,,ヘッダ,UN01005914,BBIE,90,IID58,文書通貨コード,文書の通貨コード。デフォルトはJPY,1..1,rsm:CIIHSupplyChainTradeTransaction/ram:ApplicableCIIHSupplyChainTradeSettlement/ram:InvoiceCurrencyCode,1050,IBT-005,1..1,1,請求書通貨コード,Code,/ubl:Invoice/cbc:DocumentCurrencyCode
101,,0..1,支払通貨コード,請求支払通貨コード（デフォルトはJPY）,,,,,,,,ヘッダ,UN01005915,BBIE,91,IID59,支払通貨コード,請求支払通貨コード（デフォルトはJPY）,0..1,rsm:CIIHSupplyChainTradeTransaction/ram:ApplicableCIIHSupplyChainTradeSettlement/ram:PaymentCurrencyCode,,,,,,,
102,,0..1,請求者,請求者に関する情報からなるクラス。,,,,,,,,ヘッダ,UN01005916,ASBIE,92,ICL13,請求者クラス,請求者に関する情報からなるクラス。,0..1,,1800,IBG-10,0..1,1,支払先,,/ubl:Invoice/cac:PayeeParty
103,,0..1,請求者コード,請求者のコード。,,,,,,,,ヘッダ,UN01005757,BBIE,93,IID60,請求者コード,請求者のコード。,0..1,rsm:CIIHSupplyChainTradeTransaction/ram:ApplicableCIIHSupplyChainTradeSettlement/ram:InvoicerCITradeParty/ram:ID,1820,IBT-060,0..1,2,支払先ID,Identifier,/ubl:Invoice/cac:PayeeParty/cac:PartyIdentification/cbc:ID
104,,0..1,請求者国際企業コード,請求者の国際企業コード。中小企業共通EDIでは法人番号を利用,,,,,,,,ヘッダ,UN01005758,BBIE,94,IID61,請求者国際企業コード,請求者の国際企業コード。中小企業共通EDIでは法人番号を利用,0..1,rsm:CIIHSupplyChainTradeTransaction/ram:ApplicableCIIHSupplyChainTradeSettlement/ram:InvoicerCITradeParty/ram:GlobalID,,,,,,,
105,,0..1,請求者名称,請求者の企業等を表す名称。,,,,,,,,ヘッダ,UN01005759,BBIE,95,IID62,請求者名称,請求者の企業等を表す名称。,0..1,rsm:CIIHSupplyChainTradeTransaction/ram:ApplicableCIIHSupplyChainTradeSettlement/ram:InvoicerCITradeParty/ram:Name,1810,IBT-059,1..1,2,支払先名称,Text,/ubl:Invoice/cac:PayeeParty/cac:PartyName/cbc:Name
106,,0..1,請求者適格請求書発行事業者登録番号,登録された請求者の適格請求書発行事業者登録番号,,,,,,,,ヘッダ,UN01013039,BBIE,96,IID63,請求者適格請求書発行事業者登録番号,登録された請求者の適格請求書発行事業者登録番号,0..1,rsm:CIIHSupplyChainTradeTransaction/ram:ApplicableCIIHSupplyChainTradeSettlement/ram:InvoicerCITradeParty/ram:RegisteredID,,,,,,,
107,,0..1,請求者連絡先,連絡先に関する情報からなるクラス。,,,,,,,,ヘッダ,UN01005761,ASBIE,97,ICL14,請求者連絡先クラス,連絡先に関する情報からなるクラス。,0..1,,,,,,,,
108,,0..1,請求部門コード,請求者の請求部門を表すコード。,,,,,,,,ヘッダ,UN01005719,BBIE,98,IID64,請求部門コード,請求者の請求部門を表すコード。,0..1,rsm:CIIHSupplyChainTradeTransaction/ram:ApplicableCIIHSupplyChainTradeSettlement/ram:InvoicerCITradeParty/ram:DefinedCITradeContact/ram:ID,,,,,,,
109,,0..1,請求者担当名,請求者個人の、文字で表現された名前。,,,,,,,,ヘッダ,UN01005720,BBIE,99,IID65,請求者担当名,請求者個人の、文字で表現された名前。,0..1,rsm:CIIHSupplyChainTradeTransaction/ram:ApplicableCIIHSupplyChainTradeSettlement/ram:InvoicerCITradeParty/ram:DefinedCITradeContact/ram:PersonName,,,,,,,
110,,0..1,請求者部門名,請求者の請求部門の名称。,,,,,,,,ヘッダ,UN01005721,BBIE,100,IID66,請求者部門名,請求者の請求部門の名称。,0..1,rsm:CIIHSupplyChainTradeTransaction/ram:ApplicableCIIHSupplyChainTradeSettlement/ram:InvoicerCITradeParty/ram:DefinedCITradeContact/ram:DepartmentName,,,,,,,
111,,0..1,請求者担当コード,請求者個人を表すコード,,,,,,,,ヘッダ,UN01005725,BBIE,101,IID67,請求者担当コード,請求者個人を表すコード,0..1,rsm:CIIHSupplyChainTradeTransaction/ram:ApplicableCIIHSupplyChainTradeSettlement/ram:InvoicerCITradeParty/ram:DefinedCITradeContact/ram:PersonID,,,,,,,
112,,0..1,請求者電話番号,請求者の電話番号。,,,,,,,,ヘッダ,UN01005860,BBIE,102,IID68,請求者電話番号,請求者の電話番号。,0..1,rsm:CIIHSupplyChainTradeTransaction/ram:ApplicableCIIHSupplyChainTradeSettlement/ram:InvoicerCITradeParty/ram:DefinedCITradeContact/ram:TelephoneCIUniversalCommunication/ram:CompleteNumber,,,,,,,
113,,0..1,請求者FAX番号,請求者のFAX番号,,,,,,,,ヘッダ,UN01005860,BBIE,103,IID69,請求者FAX番号,請求者のFAX番号,0..1,rsm:CIIHSupplyChainTradeTransaction/ram:ApplicableCIIHSupplyChainTradeSettlement/ram:InvoicerCITradeParty/ram:DefinedCITradeContact/ram:FaxCIUniversalCommunication/ram:CompleteNumber,,,,,,,
114,,0..1,請求者メールアドレス,請求者の電子メールアドレス。,,,,,,,,ヘッダ,UN01005858,BBIE,104,IID70,請求者メールアドレス,請求者の電子メールアドレス。,0..1,rsm:CIIHSupplyChainTradeTransaction/ram:ApplicableCIIHSupplyChainTradeSettlement/ram:InvoicerCITradeParty/ram:DefinedCITradeContact/ram:EmailURICIUniversalCommunication/ram:URIID,,,,,,,
115,,0..1,請求者住所,請求者住所に関する情報からなるクラス。,,,,,,,,ヘッダ,UN01005762,ASBIE,105,ICL15,請求者住所クラス,請求者住所に関する情報からなるクラス。,0..1,,,,,,,,
116,,0..1,請求者郵便番号,請求者の郵便番号。,,,,,,,,ヘッダ,UN01005689,BBIE,106,IID71,請求者郵便番号,請求者の郵便番号。,0..1,rsm:CIIHSupplyChainTradeTransaction/ram:ApplicableCIIHSupplyChainTradeSettlement/ram:InvoicerCITradeParty/ram:PostalCITradeAddress/ram:PostcodeCode,,,,,,,
117,,0..1,請求者住所1,請求者の住所1行目。,,,,,,,,ヘッダ,UN01005692,BBIE,107,IID72,請求者住所1,請求者の住所1行目。,0..1,rsm:CIIHSupplyChainTradeTransaction/ram:ApplicableCIIHSupplyChainTradeSettlement/ram:InvoicerCITradeParty/ram:PostalCITradeAddress/ram:LineOne,,,,,,,
118,,0..1,請求者住所2,請求者の住所2行目。,,,,,,,,ヘッダ,UN01005693,BBIE,108,IID73,請求者住所2,請求者の住所2行目。,0..1,rsm:CIIHSupplyChainTradeTransaction/ram:ApplicableCIIHSupplyChainTradeSettlement/ram:InvoicerCITradeParty/ram:PostalCITradeAddress/ram:LineTwo,,,,,,,
119,,0..1,請求者住所3,請求者の住所3行目。,,,,,,,,ヘッダ,UN01005694,BBIE,109,IID74,請求者住所3,請求者の住所3行目。,0..1,rsm:CIIHSupplyChainTradeTransaction/ram:ApplicableCIIHSupplyChainTradeSettlement/ram:InvoicerCITradeParty/ram:PostalCITradeAddress/ram:LineThree,,,,,,,
120,,1..1,請求者国識別子,請求者の国ID。デフォルトは「JP」,,,,,,,,ヘッダ,UN01005700,BBIE,110,IID75,請求者国識別子,請求者の国ID。デフォルトは「JP」,1..1,rsm:CIIHSupplyChainTradeTransaction/ram:ApplicableCIIHSupplyChainTradeSettlement/ram:InvoicerCITradeParty/ram:PostalCITradeAddress/ram:CountryID,,,,,,,
121,,0..n,支払手段, 取引決済の目的で支払が行われる、あるいは行われた手段のクラス,,,,,,,,ヘッダ,UN01005923,ASBIE,175,ICL27,支払手段クラス, 取引決済の目的で支払が行われる、あるいは行われた手段のクラス,0..n,,2130,IBG-16,0..n,1,支払指示,,/ubl:Invoice/cac:PaymentMeans
122,,0..1,支払手段タイプコード,取引決済手段のタイプを識別するコード,,,,,,,,ヘッダ,UN01005672,BBIE,176,IID129,支払手段タイプコード,取引決済手段のタイプを識別するコード,0..1,rsm:CIIHSupplyChainTradeTransaction/ram:ApplicableCIIHSupplyChainTradeSettlement/ram:SpecifiedCITradeSettlementPaymentMeans/ram:TypeCode,2150,IBT-081,1..1,2,支払手段タイプコード,Code,/ubl:Invoice/cac:PaymentMeans/cbc:PaymentMeansCode
123,,0..1,支払手段情報,取引決済手段に関する情報,,,,,,,,ヘッダ,UN01011456,BBIE,177,IID130,支払手段情報,取引決済手段に関する情報,0..1,rsm:CIIHSupplyChainTradeTransaction/ram:ApplicableCIIHSupplyChainTradeSettlement/ram:SpecifiedCITradeSettlementPaymentMeans/ram:Information,2160,IBT-082,0..1,2,支払手段内容説明,Text,/ubl:Invoice/cac:PaymentMeans/cbc:PaymentMeansCode/@name
124,,0..1,支払金額,取引決済手段で支払う金額,,,,,,,,ヘッダ,JPS2200010,BBIE,178,IID131,支払金額,取引決済手段で支払う金額,0..1,rsm:CIIHSupplyChainTradeTransaction/ram:ApplicableCIIHSupplyChainTradeSettlement/ram:SpecifiedCITradeSettlementPaymentMeans/ram:aidAmount,,,,,,,
125,,0..1,支払手段／金融口座グループ,取引決済の支払手段に関する受取人である当事者の債権者金融口座のグループ,,,,,,,,ヘッダ,UN01005677,ASBIE,179,ICL28,支払手段／金融口座グループ,取引決済の支払手段に関する受取人である当事者の債権者金融口座のグループ,0..1,,2190,IBG-17,0..1,2,銀行振込,,/ubl:Invoice/cac:PaymentMeans/cac:PayeeFinancialAccount
126,,0..1,口座名義,"債権者金融口座の、文字で表現された口座名。
半角カナ（日本の場合）",,,,,,,,ヘッダ,UN01005400,BBIE,180,IID132,口座名義,"債権者金融口座の、文字で表現された口座名。
半角カナ（日本の場合）",0..1,rsm:CIIHSupplyChainTradeTransaction/ram:ApplicableCIIHSupplyChainTradeSettlement/ram:SpecifiedCITradeSettlementPaymentMeans/ram:PayeePartyCICreditorFinancialAccount/ram:AccountName,2220,IBT-085,0..1,3,支払先口座名義人名,Text,/ubl:Invoice/cac:PaymentMeans/cac:PayeeFinancialAccount/cbc:Name
127,,0..1,口座番号,債権者金融口座の一意の所有者識別子。,,,,,,,,ヘッダ,UN01005401,BBIE,181,IID133,口座番号,債権者金融口座の一意の所有者識別子。,0..1,rsm:CIIHSupplyChainTradeTransaction/ram:ApplicableCIIHSupplyChainTradeSettlement/ram:SpecifiedCITradeSettlementPaymentMeans/ram:PayeePartyCICreditorFinancialAccount/ram:ProprietaryID,2200,IBT-084,1..1,3,支払先口座ID,Identifier,/ubl:Invoice/cac:PaymentMeans/cac:PayeeFinancialAccount/cbc:ID
128,,0..1,口座種別コード,債権者金融口座種別の識別子。,,,,,,,,ヘッダ,UN01012127,BBIE,182,IID134,口座種別コード,債権者金融口座種別の識別子。,0..1,rsm:CIIHSupplyChainTradeTransaction/ram:ApplicableCIIHSupplyChainTradeSettlement/ram:SpecifiedCITradeSettlementPaymentMeans/ram:PayeePartyCICreditorFinancialAccount/ram:TypeCode,2200,IBT-084,1..1,3,支払先口座ID,Identifier,/ubl:Invoice/cac:PaymentMeans/cac:PayeeFinancialAccount/cbc:ID
129,,0..1,金融機関,金額を受け取る当事者の銀行、住宅金融組合、信用金庫、証券会社、あるいはそれと類似の事業機関。,,,,,,,,ヘッダ,UN01005679,ASBIE,183,ICL29,金融機関クラス,金額を受け取る当事者の銀行、住宅金融組合、信用金庫、証券会社、あるいはそれと類似の事業機関。,0..1,,,,,,,,
130,,0..1,金融機関名,債権者金融機関の、文字で表現された名前。,,,,,,,,ヘッダ,UN01005426,BBIE,184,IID135,金融機関名,債権者金融機関の、文字で表現された名前。,0..1,rsm:CIIHSupplyChainTradeTransaction/ram:ApplicableCIIHSupplyChainTradeSettlement/ram:SpecifiedCITradeSettlementPaymentMeans/ram:PayeeSpecifiedCICreditorFinancialInstitution/ram:Name,2250,IBT-169,0..1,3,支払先口座住所欄1,Text,/ubl:Invoice/cac:PaymentMeans/cac:PayeeFinancialAccount/cac:FinancialInstitutionBranch/cac:Address/cbc:StreetName
131,,0..1,金融機関番号,債権者の金融機関番号（日本の場合）,,,,,,,,ヘッダ,UN01011521,BBIE,185,IID136,金融機関番号,債権者の金融機関番号（日本の場合）,0..1,rsm:CIIHSupplyChainTradeTransaction/ram:ApplicableCIIHSupplyChainTradeSettlement/ram:SpecifiedCITradeSettlementPaymentMeans/ram:PayeeSpecifiedCICreditorFinancialInstitution/ram:JapanFinancialInstitutionCommonID,2200,IBT-084,1..1,3,支払先口座ID,Identifier,/ubl:Invoice/cac:PaymentMeans/cac:PayeeFinancialAccount/cbc:ID
132,,0..1,金融機関支店,銀行、住宅金融組合、信用金庫、証券会社、あるいはそれと類似の事業の部門のクラス。主に金融サービスと金融取引を提供するために設立された機関の支店。,,,,,,,,ヘッダ,UN01005428,ASBIE,186,ICL30,金融機関支店クラス,銀行、住宅金融組合、信用金庫、証券会社、あるいはそれと類似の事業の部門のクラス。主に金融サービスと金融取引を提供するために設立された機関の支店。,0..1,,,,,,,,
133,,0..1,金融機関支店番号,金融機関のこの支店の一意識別子,,,,,,,,ヘッダ,UN01003139,BBIE,187,IID137,金融機関支店番号,金融機関のこの支店の一意識別子,0..1,rsm:CIIHSupplyChainTradeTransaction/ram:ApplicableCIIHSupplyChainTradeSettlement/ram:SpecifiedCITradeSettlementPaymentMeans/ram:PayeeSpecifiedCICreditorFinancialInstitution/ram:Sub-DivisionBranchFinancialInstitution/ram:ID,2200,IBT-084,1..1,3,支払先口座ID,Identifier,/ubl:Invoice/cac:PaymentMeans/cac:PayeeFinancialAccount/cbc:ID
134,,0..1,金融機関支店名,金融機関のこの支店の、文字で表現された名前,,,,,,,,ヘッダ,UN01003140,BBIE,188,IID138,金融機関支店名,金融機関のこの支店の、文字で表現された名前,0..1,rsm:CIIHSupplyChainTradeTransaction/ram:ApplicableCIIHSupplyChainTradeSettlement/ram:SpecifiedCITradeSettlementPaymentMeans/ram:PayeeSpecifiedCICreditorFinancialInstitution/ram:Sub-DivisionBranchFinancialInstitution/ram:Name,2250,IBT-169,0..1,3,支払先口座住所欄1,Text,/ubl:Invoice/cac:PaymentMeans/cac:PayeeFinancialAccount/cac:FinancialInstitutionBranch/cac:Address/cbc:StreetName
135,,0..1,金融カード,支払人の金融カードのクラス,,,,,,,,ヘッダ,UN01006057,ASBIE,189,ICL31,金融カードクラス,支払人の金融カードのクラス,0..1,,2320,IBG-18,0..1,2,支払カード情報,,/ubl:Invoice/cac:PaymentMeans/cac:CardAccount
136,,1..1,金融カード番号,支払人の金融カード番号,,,,,,,,ヘッダ,UN01004495,BBIE,190,IID139,金融カード番号,支払人の金融カード番号,1..1,rsm:CIIHSupplyChainTradeTransaction/ram:ApplicableCIIHSupplyChainTradeSettlement/ram:SpecifiedCITradeSettlementPaymentMeans/ram:ApplicableTradeSettlementFinancialCard/ram:ID,2330,IBT-087,1..1,3,支払カード番号,Text,/ubl:Invoice/cac:PaymentMeans/cac:CardAccount/cbc:PrimaryAccountNumberID
137,,0..1,金融カードタイプ,金融カードのタイプ,,,,,,,,ヘッダ,UN01004496,BBIE,191,IID140,金融カードタイプ,金融カードのタイプ,0..1,rsm:CIIHSupplyChainTradeTransaction/ram:ApplicableCIIHSupplyChainTradeSettlement/ram:SpecifiedCITradeSettlementPaymentMeans/ram:ApplicableTradeSettlementFinancialCard/ram:TypeCode,,,,,,,
138,,1..1,金融カード名義人名,支払人の金融カード名義人名,,,,,,,,ヘッダ,UN01004497,BBIE,192,IID141,金融カード名義人名,支払人の金融カード名義人名,1..1,rsm:CIIHSupplyChainTradeTransaction/ram:ApplicableCIIHSupplyChainTradeSettlement/ram:SpecifiedCITradeSettlementPaymentMeans/ram:ApplicableTradeSettlementFinancialCard/ram:CardholderName,2340,IBT-088,0..1,3,カード名義人氏名,Text,/ubl:Invoice/cac:PaymentMeans/cac:CardAccount/cbc:HolderName
139,,0..1,金融カード発行企業名,金融カードの発行企業名,,,,,,,,ヘッダ,UN01009966,BBIE,193,IID142,金融カード発行企業名,金融カードの発行企業名,0..1,rsm:CIIHSupplyChainTradeTransaction/ram:ApplicableCIIHSupplyChainTradeSettlement/ram:SpecifiedCITradeSettlementPaymentMeans/ram:ApplicableTradeSettlementFinancialCard/ram:IssuingCompanyName,,,,,,,
140,,0..n,ヘッダ返金,ヘッダ返金のクラス,,,,,,,,ヘッダ,UN01005926,ASBIE,194,ICL32,ヘッダ返金クラス,ヘッダ返金のクラス,0..n,,2430,IBG-20,0..n,1,請求書レベルの返金,,/ubl:Invoice/cac:AllowanceCharge[cbc:ChargeIndicator=false()]
141,,1..1,ヘッダ返金・追加請求識別コード,"ヘッダ返金とヘッダ追加請求を識別するコード。
デフォルトは返金",,,,,,,,ヘッダ,UN01005707,BBIE,195,IID143,ヘッダ返金・追加請求識別コード,"ヘッダ返金とヘッダ追加請求を識別するコード。
デフォルトは返金",1..1,rsm:CIIHSupplyChainTradeTransaction/ram:ApplicableCIIHSupplyChainTradeSettlement/ram:SpecifiedCITradeAllowanceCharge/ram:ChargeIndicator,,,,,,,
142,,,,,,,,,,,,,,,,,,,,,2450,IBT-093,0..1,2,請求書レベルの返金金額の基準となる金額,Amount,/ubl:Invoice/cac:AllowanceCharge[cbc:ChargeIndicator=false()]/cbc:BaseAmount
143,,,,,,,,,,,,,,,,,,,,,2460,IBT-094,0..1,2,請求書レベルの返金の率,Percentage,/ubl:Invoice/cac:AllowanceCharge[cbc:ChargeIndicator=false()]/cbc:MultiplierFactorNumeric
144,,,,,,,,,,,,,,,,,,,,,2470,IBT-097,0..1,2,請求書レベルの返金の理由,Text,/ubl:Invoice/cac:AllowanceCharge[cbc:ChargeIndicator=false()]/cbc:AllowanceChargeReason
145,,,,,,,,,,,,,,,,,,,,,2480,IBT-098,0..1,2,請求書レベルの返金の理由コード,Code,/ubl:Invoice/cac:AllowanceCharge[cbc:ChargeIndicator=false()]/cbc:AllowanceChargeReasonCode
146,,0..n,ヘッダ返金税,ヘッダ返金の税クラス,,,,,,,,ヘッダ,UN01005716,ASBIE,196,ICL33,ヘッダ返金税クラス,ヘッダ返金の税クラス,0..n,,,,,,,,
147,,1..1,ヘッダ返金課税分類税額,ヘッダ返金課税分類税額＝ヘッダ返金課税分類合計金額×ヘッダ返金税率,,,,,,,,ヘッダ,UN01005833,BBIE,197,IID144,ヘッダ返金課税分類税額,ヘッダ返金課税分類税額＝ヘッダ返金課税分類合計金額×ヘッダ返金税率,1..1,,,,,,,,
148,,1..1,ヘッダ返金税率,ヘッダ返金の税率,,,,,,,,ヘッダ,UN01005836,BBIE,198,IID145,ヘッダ返金税率,ヘッダ返金の税率,1..1,,2510,IBT-096,0..1,2,請求書レベルの返金の税率,Percentage,/ubl:Invoice/cac:AllowanceCharge[cbc:ChargeIndicator=false()]/cac:TaxCategory/cbc:Percent
149,,1..1,ヘッダ返金課税分類合計金額,ヘッダ返金課税分類合計金額＝Σ課税分類明細行返金金額,,,,,,,,ヘッダ,UN01005839,BBIE,199,IID146,ヘッダ返金課税分類合計金額,ヘッダ返金課税分類合計金額＝Σ課税分類明細行返金金額,1..1,,2440,IBT-092,1..1,2,請求書レベルの返金金額(税抜き),Amount,/ubl:Invoice/cac:AllowanceCharge[cbc:ChargeIndicator=false()]/cbc:Amount
150,,1..1,ヘッダ返金課税分類コード,ヘッダ返金の課税分類コード,,,,,,,,ヘッダ,UN01005841,BBIE,200,IID147,ヘッダ返金課税分類コード,ヘッダ返金の課税分類コード,1..1,,2490,IBT-095,1..1,2,請求書レベルの返金の課税分類コード,Code,/ubl:Invoice/cac:AllowanceCharge[cbc:ChargeIndicator=false()]/cac:TaxCategory/cbc:ID
151,,0..n,ヘッダ追加請求,ヘッダ追加請求のクラス,,,,,,,,ヘッダ,UN01005926,ASBIE,194,ICL32,ヘッダ追加請求クラス,ヘッダ追加請求のクラス,0..n,,2540,IBG-21,0..n,1,請求書レベルの追加請求,,/ubl:Invoice/cac:AllowanceCharge[cbc:ChargeIndicator=true()]
152,,1..1,ヘッダ返金・追加請求識別コード,"ヘッダ返金とヘッダ追加請求を識別するコード。
デフォルトは返金",,,,,,,,ヘッダ,UN01005707,BBIE,195,IID143,ヘッダ返金・追加請求識別コード,"ヘッダ返金とヘッダ追加請求を識別するコード。
デフォルトは返金",1..1,rsm:CIIHSupplyChainTradeTransaction/ram:ApplicableCIIHSupplyChainTradeSettlement/ram:SpecifiedCITradeAllowanceCharge/ram:ChargeIndicator,,,,,,,
153,,,,,,,,,,,,,,,,,,,,,2560,IBT-100,0..1,2,請求書レベルの追加請求金額の基準となる金額,Amount,/ubl:Invoice/cac:AllowanceCharge[cbc:ChargeIndicator=true()]/cbc:BaseAmount
154,,,,,,,,,,,,,,,,,,,,,2570,IBT-101,0..1,2,請求書レベルの追加請求の率,Percentage,/ubl:Invoice/cac:AllowanceCharge[cbc:ChargeIndicator=true()]/cbc:MultiplierFactorNumeric
155,,,,,,,,,,,,,,,,,,,,,2580,IBT-104,0..1,2,請求書レベルの追加請求の理由,Text,/ubl:Invoice/cac:AllowanceCharge[cbc:ChargeIndicator=true()]/cbc:AllowanceChargeReason
156,,,,,,,,,,,,,,,,,,,,,2590,IBT-105,0..1,2,請求書レベルの追加請求の理由コード,Code,/ubl:Invoice/cac:AllowanceCharge[cbc:ChargeIndicator=true()]/cbc:AllowanceChargeReasonCode
157,,0..n,ヘッダ追加請求税,ヘッダ追加請求の税クラス,,,,,,,,ヘッダ,UN01005716,ASBIE,196,ICL33,ヘッダ追加請求税クラス,ヘッダ追加請求の税クラス,0..n,,,,,,,,
158,,1..1,ヘッダ追加請求課税分類税額,ヘッダ追加請求課税分類税額＝ヘッダ追加請求課税分類合計金額×ヘッダ追加請求税率,,,,,,,,ヘッダ,UN01005833,BBIE,197,IID144,ヘッダ追加請求課税分類税額,ヘッダ追加請求課税分類税額＝ヘッダ追加請求課税分類合計金額×ヘッダ追加請求税率,1..1,,,,,,,,
159,,1..1,ヘッダ追加請求税率,ヘッダ追加請求の税率,,,,,,,,ヘッダ,UN01005836,BBIE,198,IID145,ヘッダ追加請求税率,ヘッダ追加請求の税率,1..1,,2610,IBT-103,0..1,2,請求書レベルの追加請求の税率,Percentage,/ubl:Invoice/cac:AllowanceCharge[cbc:ChargeIndicator=true()]/cac:TaxCategory/cbc:Percent
160,,1..1,ヘッダ追加請求課税分類合計金額,ヘッダ追加請求課税分類合計金額＝Σ課税分類明細行追加請求金額,,,,,,,,ヘッダ,UN01005839,BBIE,199,IID146,ヘッダ追加請求課税分類合計金額,ヘッダ追加請求課税分類合計金額＝Σ課税分類明細行追加請求金額,1..1,,2550,IBT-099,1..1,2,請求書レベルの追加請求金額(税抜き),Amount,/ubl:Invoice/cac:AllowanceCharge[cbc:ChargeIndicator=true()]/cbc:Amount
161,,1..1,ヘッダ追加請求課税分類コード,ヘッダ追加請求の課税分類コード,,,,,,,,ヘッダ,UN01005841,BBIE,200,IID147,ヘッダ追加請求課税分類コード,ヘッダ追加請求の課税分類コード,1..1,,2600,IBT-102,1..1,2,請求書レベルの追加請求の課税分類コード,Code,/ubl:Invoice/cac:AllowanceCharge[cbc:ChargeIndicator=true()]/cac:TaxCategory/cbc:ID
162,,0..n,ヘッダ税,ヘッダの税に関する情報からなるクラス,,,,,,,,ヘッダ,UN01005924,ASBIE,201,ICL34,ヘッダ税クラス,ヘッダの税に関する情報からなるクラス,0..n,,2800,IBG-23,1..n,1,税内訳情報,,/ubl:Invoice/cac:TaxTotal[cbc:TaxAmount/@currencyID=/ubl:Invoice/cbc:DocumentCurrencyCode]/cac:TaxSubtotal
163,,0..1,ヘッダ課税分類税額,"①文書タイプコード＝単一文書の場合
　課税分類毎に計算した税額＝ヘッダ課税分類譲渡資産合計金額（税抜き）×ヘッダ税率
算出した税額は切り上げ、切り捨て、四捨五入のいずれかで処理し、税額は整数とする
②文書タイプコード＝統合文書の場合
　消費税額計算はヘッダ税クラスでは行わない。　",,,,,,,,ヘッダ,UN01005833,BBIE,202,IID148,ヘッダ課税分類税額,"①文書タイプコード＝単一文書の場合
　課税分類毎に計算した税額＝ヘッダ課税分類譲渡資産合計金額（税抜き）×ヘッダ税率
算出した税額は切り上げ、切り捨て、四捨五入のいずれかで処理し、税額は整数とする
②文書タイプコード＝統合文書の場合
　消費税額計算はヘッダ税クラスでは行わない。　",0..1,rsm:CIIHSupplyChainTradeTransaction/ram:ApplicableCIIHSupplyChainTradeSettlement/ram:ApplicableCITradeTax/ram:CalculatedAmount,2820,IBT-117,1..1,2,課税分類毎の消費税額,Amount,/ubl:Invoice/cac:TaxTotal[cbc:TaxAmount/@currencyID=/ubl:Invoice/cbc:DocumentCurrencyCode]/cac:TaxSubtotal/cbc:TaxAmount
164,,0..1,税タイプコード,税の種類(消費税、所得税など）を識別するコード。デフォルトは消費税,,,,,,,,ヘッダ,UN01005834,BBIE,203,IID149,税タイプコード,税の種類(消費税、所得税など）を識別するコード。デフォルトは消費税,0..1,rsm:CIIHSupplyChainTradeTransaction/ram:ApplicableCIIHSupplyChainTradeSettlement/ram:ApplicableCITradeTax/ram:TypeCode,,,,,,,
165,,0..1,ヘッダ課税分類譲渡資産合計金額（税抜き）,"①インボイス文書類型コード＝単一文書の場合
　課税分類毎の税抜き譲渡資産金額の合計金額＝∑明細行課税分類譲渡資産金額（税抜き）ー∑明細行課税分類返金金額
②文書タイプコード＝統合文書の場合
　共通EDIインボイス仕様編の「統合文書の組合せ」項参照",,,,,,,,ヘッダ,UN01005839,BBIE,204,IID150,ヘッダ課税分類譲渡資産合計金額（税抜き）,"①インボイス文書類型コード＝単一文書の場合
　課税分類毎の税抜き譲渡資産金額の合計金額＝∑明細行課税分類譲渡資産金額（税抜き）ー∑明細行課税分類返金金額
②文書タイプコード＝統合文書の場合
　共通EDIインボイス仕様編の「統合文書の組合せ」項参照",0..1,rsm:CIIHSupplyChainTradeTransaction/ram:ApplicableCIIHSupplyChainTradeSettlement/ram:ApplicableCITradeTax/ram:BasisAmount,2810,IBT-116,1..1,2,課税分類毎の課税基準額,Amount,/ubl:Invoice/cac:TaxTotal[cbc:TaxAmount/@currencyID=/ubl:Invoice/cbc:DocumentCurrencyCode]/cac:TaxSubtotal/cbc:TaxableAmount
166,,0..1,ヘッダ課税分類コード,消費税の課税分類（標準税率、軽減税率、非課税、免税等）を識別するコード,,,,,,,,ヘッダ,UN01005841,BBIE,205,IID151,ヘッダ課税分類コード,消費税の課税分類（標準税率、軽減税率、非課税、免税等）を識別するコード,0..1,rsm:CIIHSupplyChainTradeTransaction/ram:ApplicableCIIHSupplyChainTradeSettlement/ram:ApplicableCITradeTax/ram:CategoryCode,2830,IBT-118,1..1,2,課税分類コード,Code,/ubl:Invoice/cac:TaxTotal[cbc:TaxAmount/@currencyID=/ubl:Invoice/cbc:DocumentCurrencyCode]/cac:TaxSubtotal/cac:TaxCategory/cbc:ID
167,,0..1,課税分類税通貨コード,"インボイス文書通貨コードと税通貨コードが異なる場合に利用する。インボイス文書通貨コード用と税通貨コード用のヘッダ税クラスを作成する。
デフォルトは「JPY」",,,,,,,,ヘッダ,UN01005842,BBIE,206,IID152,課税分類税通貨コード,"インボイス文書通貨コードと税通貨コードが異なる場合に利用する。インボイス文書通貨コード用と税通貨コード用のヘッダ税クラスを作成する。
デフォルトは「JPY」",0..1,rsm:CIIHSupplyChainTradeTransaction/ram:ApplicableCIIHSupplyChainTradeSettlement/ram:ApplicableCITradeTax/ram:CurrencyCode,1060,IBT-006,0..1,1,税会計報告用通貨コード,Code,/ubl:Invoice/cbc:TaxCurrencyCode
168,,0..1,ヘッダ課税分類名,消費税の課税分類（標準税率、軽減税率、非課税、免税等）の名称,,,,,,,,ヘッダ,UN01005850,BBIE,207,IID153,ヘッダ課税分類名,消費税の課税分類（標準税率、軽減税率、非課税、免税等）の名称,0..1,rsm:CIIHSupplyChainTradeTransaction/ram:ApplicableCIIHSupplyChainTradeSettlement/ram:ApplicableCITradeTax/ram:CategoryName,,,,,,,
169,,0..1,ヘッダ税率,"課税分類毎の税額計算のための率。
",,,,,,,,ヘッダ,UN01007174,BBIE,208,IID154,ヘッダ税率,"課税分類毎の税額計算のための率。
",0..1,rsm:CIIHSupplyChainTradeTransaction/ram:ApplicableCIIHSupplyChainTradeSettlement/ram:ApplicableCITradeTax/ram:RateApplicablePercent,2840,IBT-119,0..1,2,課税分類毎の税率,Percentage,/ubl:Invoice/cac:TaxTotal[cbc:TaxAmount/@currencyID=/ubl:Invoice/cbc:DocumentCurrencyCode]/cac:TaxSubtotal/cac:TaxCategory/cbc:Percent
170,,0..1,ヘッダ課税分類譲渡資産合計金額(税込み),"課税分類毎の税額を含む譲渡資産金額の合計金額
=∑明細行課税分類譲渡資産金額（税込み）",,,,,,,,ヘッダ,UN01013040,BBIE,209,IID155,ヘッダ課税分類譲渡資産合計金額(税込み),"課税分類毎の税額を含む譲渡資産金額の合計金額
=∑明細行課税分類譲渡資産金額（税込み）",0..1,rsm:CIIHSupplyChainTradeTransaction/ram:ApplicableCIIHSupplyChainTradeSettlement/ram:ApplicableCITradeTax/ram:GrandTotalAmount,,,,,,,
171,,0..1,ヘッダ税計算方式,"金額の税込み、税抜きを指定。
デフォルトは「税抜き」",,,,,,,,ヘッダ,UN01013096,BBIE,210,IID156,ヘッダ税計算方式,"金額の税込み、税抜きを指定。
デフォルトは「税抜き」",0..1,rsm:CIIHSupplyChainTradeTransaction/ram:ApplicableCIIHSupplyChainTradeSettlement/ram:ApplicableCITradeTax/ram:CalculationMethodCode,,,,,,,
172,,0..1,ヘッダ適用税制識別子,"取引の税制年度を識別するID
デフォルトは「2019」（2019年度税制）",,,,,,,,ヘッダ,UN01014650,BBIE,211,IID157,ヘッダ適用税制識別子,"取引の税制年度を識別するID
デフォルトは「2019」（2019年度税制）",0..1,rsm:CIIHSupplyChainTradeTransaction/ram:ApplicableCIIHSupplyChainTradeSettlement/ram:ApplicableCITradeTax/ram:LocalTaxSystemID,,,,,,,
173,,0..1,ヘッダ取引期間,ヘッダ取引期間に関する情報からなるクラス,,,,,,,,ヘッダ,UN01005925,ASBIE,212,ICL35,ヘッダ取引期間クラス,ヘッダ取引期間に関する情報からなるクラス,0..1,,2020,IBG-14,0..1,2,請求期間,,/ubl:Invoice/cac:InvoicePeriod
174,,1..1,ヘッダ取引開始日,インボイス文書の取引開始日,,,,,,,,ヘッダ,UN01005612,BBIE,213,IID158,ヘッダ取引開始日,インボイス文書の取引開始日,1..1,rsm:CIIHSupplyChainTradeTransaction/ram:ApplicableCIIHSupplyChainTradeSettlement/ram:BillingCISpecifiedPeriod/ram:StartDateTime,2030,IBT-073,0..1,3,請求期間開始日,Date,/ubl:Invoice/cac:InvoicePeriod/cbc:StartDate
175,,1..1,ヘッダ取引終了日,インボイス文書の取引終了日,,,,,,,,ヘッダ,UN01005613,BBIE,214,IID159,ヘッダ取引終了日,インボイス文書の取引終了日,1..1,rsm:CIIHSupplyChainTradeTransaction/ram:ApplicableCIIHSupplyChainTradeSettlement/ram:BillingCISpecifiedPeriod/ram:EndDateTime,2040,IBT-074,0..1,3,請求期間終了日,Date,/ubl:Invoice/cac:InvoicePeriod/cbc:EndDate
176,,0..1,支払条件, 取引決済の目的で支払が行われる、あるいは行われた条件のクラス,,,,,,,,ヘッダ,UN01005929,ASBIE,215,ICL36,支払条件クラス, 取引決済の目的で支払が行われる、あるいは行われた条件のクラス,0..1,,1210,IBG-33,0..n,1,支払条件,,/ubl:Invoice/cac:PaymentTerms
177,,0..1,支払条件説明,支払条件の文字による説明,,,,,,,,ヘッダ,UN01005783,BBIE,216,IID160,支払条件説明,支払条件の文字による説明,0..1,rsm:CIIHSupplyChainTradeTransaction/ram:ApplicableCIIHSupplyChainTradeSettlement/ram:SpecifiedCITradePaymentTerms/ram:Description,1230,IBT-020,0..1,2,支払条件,Text,/ubl:Invoice/cac:PaymentTerms/cbc:Note
178,,0..1,支払期日,支払条件で示された支払期日,,,,,,,,ヘッダ,UN01005784,BBIE,217,IID161,支払期日,支払条件で示された支払期日,0..1,rsm:CIIHSupplyChainTradeTransaction/ram:ApplicableCIIHSupplyChainTradeSettlement/ram:SpecifiedCITradePaymentTerms/ram:DueDateDateTime,1250,IBT-177,0..1,2,分割支払支払期日,Date,/ubl:Invoice/cac:PaymentTerms/cbc:InstallmentDueDate
179,,0..1,支払条件タイプコード,取引決済条件のタイプを識別するコード,,,,,,,,ヘッダ,UN01008502,BBIE,218,IID162,支払条件タイプコード,取引決済条件のタイプを識別するコード,0..1,rsm:CIIHSupplyChainTradeTransaction/ram:ApplicableCIIHSupplyChainTradeSettlement/ram:SpecifiedCITradePaymentTerms/ram:TypeCode,,,,,,,
180,,0..1,インボイス文書合計金額,インボイス文書合計金額に関する情報からなるクラス,,,,,,,,ヘッダ,UN01005930,ASBIE,219,ICL37,インボイス文書合計金額クラス,インボイス文書合計金額に関する情報からなるクラス,0..1,,2640,IBG-22,1..1,1,請求書総合計金額,,/ubl:Invoice/cac:LegalMonetaryTotal
181,,0..1,ヘッダ追加請求合計金額,"ヘッダ追加請求合計金額＝∑ヘッダ課税分類追加請求金額
デフォルトは税抜き",,,,,,,,ヘッダ,UN01005943,BBIE,220,IID163,ヘッダ追加請求合計金額,"ヘッダ追加請求合計金額＝∑ヘッダ課税分類追加請求金額
デフォルトは税抜き",0..1,rsm:CIIHSupplyChainTradeTransaction/ram:ApplicableCIIHSupplyChainTradeSettlement/ram:SpecifiedCIIHTradeSettlementMonetarySummation/ram:ChargeTotalAmount,2670,IBT-108,0..1,2,請求書レベルの追加請求の合計,Amount,/ubl:Invoice/cac:LegalMonetaryTotal/cbc:ChargeTotalAmount
182,,0..1,ヘッダ返金合計金額,"ヘッダ返金合計金額＝∑ヘッダ課税分類返金合計金額
適格返還請求書では必須
デフォルトは税抜き",,,,,,,,ヘッダ,UN01005944,BBIE,221,IID164,ヘッダ返金合計金額,"ヘッダ返金合計金額＝∑ヘッダ課税分類返金合計金額
適格返還請求書では必須
デフォルトは税抜き",0..1,rsm:CIIHSupplyChainTradeTransaction/ram:ApplicableCIIHSupplyChainTradeSettlement/ram:SpecifiedCIIHTradeSettlementMonetarySummation/ram:AllowanceTotalAmount,2660,IBT-107,0..1,2,請求書レベルの返金の合計,Amount,/ubl:Invoice/cac:LegalMonetaryTotal/cbc:AllowanceTotalAmount
183,,0..1,インボイス文書総合計金額（税抜き）,"インボイス文書の総合計金額（税抜き）
=ヘッダ譲渡資産合計金額（税抜き）ーヘッダ返金合計金額+ヘッダ追加請求合計金額",,,,,,,,ヘッダ,UN01005945,BBIE,222,IID165,インボイス文書総合計金額（税抜き）,"インボイス文書の総合計金額（税抜き）
=ヘッダ譲渡資産合計金額（税抜き）ーヘッダ返金合計金額+ヘッダ追加請求合計金額",0..1,rsm:CIIHSupplyChainTradeTransaction/ram:ApplicableCIIHSupplyChainTradeSettlement/ram:SpecifiedCIIHTradeSettlementMonetarySummation/ram:TaxBasisTotalAmount,2680,IBT-109,1..1,2,請求書合計金額(税抜き),Amount,/ubl:Invoice/cac:LegalMonetaryTotal/cbc:TaxExclusiveAmount
184,,0..1,ヘッダ総合計税額,ヘッダ課税分類税額の総合計税額,,,,,,,,ヘッダ,UN01005946,BBIE,223,IID166,ヘッダ総合計税額,ヘッダ課税分類税額の総合計税額,0..1,rsm:CIIHSupplyChainTradeTransaction/ram:ApplicableCIIHSupplyChainTradeSettlement/ram:SpecifiedCIIHTradeSettlementMonetarySummation/ram:TaxTotalAmount,2690,IBT-110,1..1,2,請求書消費税合計金額,Amount,/ubl:Invoice/cac:TaxTotal[cbc:TaxAmount/@currencyID=/ubl:Invoice/cbc:DocumentCurrencyCode]/cbc:TaxAmount
185,,,,,,,,,,,,,,,,,,,,,2750,IBT-111,0..1,2,会計通貨での請求書消費税合計金額,Amount,/ubl:Invoice/cac:TaxTotal[cbc:TaxAmount/@currencyID=/ubl:Invoice/cbc:TaxCurrencyCode]/cbc:TaxAmount
186,,0..1,インボイス文書総合計金額（税込み）,"インボイス文書の総合計金額（税込み）＝
インボイス文書総合計金額（税抜き）＋ヘッダ総合計税額
+未決済総合計金額",,,,,,,,ヘッダ,UN01005948,BBIE,224,IID167,インボイス文書総合計金額（税込み）,"インボイス文書の総合計金額（税込み）＝
インボイス文書総合計金額（税抜き）＋ヘッダ総合計税額
+未決済総合計金額",0..1,rsm:CIIHSupplyChainTradeTransaction/ram:ApplicableCIIHSupplyChainTradeSettlement/ram:SpecifiedCIIHTradeSettlementMonetarySummation/ram:GrandTotalAmount,2700,IBT-112,1..1,2,請求書合計金額(税込み),Amount,/ubl:Invoice/cac:LegalMonetaryTotal/cbc:TaxInclusiveAmount
187,,0..1,前払金額,"インボイス文書総合計金額のうち、すでに前払いで支払済合計金額
前払いユースケースでは必須",,,,,,,,ヘッダ,UN01005950,BBIE,225,IID168,前払金額,"インボイス文書総合計金額のうち、すでに前払いで支払済合計金額
前払いユースケースでは必須",0..1,rsm:CIIHSupplyChainTradeTransaction/ram:ApplicableCIIHSupplyChainTradeSettlement/ram:SpecifiedCIIHTradeSettlementMonetarySummation/ram:TotalPrepaidAmount,2710,IBT-113,0..1,2,支払済金額,Amount,/ubl:Invoice/cac:LegalMonetaryTotal/cbc:PrepaidAmount
188,,0..1,支払責務金額総合計,"前払いユースケースの支払責務金額＝
",,,,,,,,ヘッダ,UN01008445,BBIE,226,IID169,支払責務金額総合計,"前払いユースケースの支払責務金額＝
",0..1,rsm:CIIHSupplyChainTradeTransaction/ram:ApplicableCIIHSupplyChainTradeSettlement/ram:SpecifiedCIIHTradeSettlementMonetarySummation/ram:DuePayableAmount,2730,IBT-115,1..1,2,差引請求金額,Amount,/ubl:Invoice/cac:LegalMonetaryTotal/cbc:PayableAmount
189,,0..1,ヘッダ譲渡資産合計金額(税抜き),ヘッダ譲渡資産金額総合計金額（税抜き）＝∑ヘッダ課税分類譲渡資産合計金額（税抜き）,,,,,,,,ヘッダ,UN01008451,BBIE,227,IID170,ヘッダ譲渡資産合計金額(税抜き),ヘッダ譲渡資産金額総合計金額（税抜き）＝∑ヘッダ課税分類譲渡資産合計金額（税抜き）,0..1,rsm:CIIHSupplyChainTradeTransaction/ram:ApplicableCIIHSupplyChainTradeSettlement/ram:SpecifiedCIIHTradeSettlementMonetarySummation/ram:NetLineTotalAmount,2650,IBT-106,1..1,2,値引後請求書明細行金額の合計,Amount,/ubl:Invoice/cac:LegalMonetaryTotal/cbc:LineExtensionAmount
190,,0..1,ヘッダ譲渡資産合計金額(税込み),ヘッダ譲渡資産金額総合計金額（税込み）＝∑ヘッダ課税分類譲渡資産合計金額（税込み）,,,,,,,,ヘッダ,UN01013091,BBIE,228,IID171,ヘッダ譲渡資産合計金額(税込み),ヘッダ譲渡資産金額総合計金額（税込み）＝∑ヘッダ課税分類譲渡資産合計金額（税込み）,0..1,rsm:CIIHSupplyChainTradeTransaction/ram:ApplicableCIIHSupplyChainTradeSettlement/ram:SpecifiedCIIHTradeSettlementMonetarySummation/ram:IncludingTaxesLineTotalAmount,,,,,,,
191,,0..n,ヘッダ調整,ヘッダ調整に関する情報からなるクラス,,,,,,,,ヘッダ,UN01005931,ASBIE,229,ICL38,ヘッダ調整クラス,ヘッダ調整に関する情報からなるクラス,0..n,,,,,,,,
192,,0..1,ヘッダ調整理由コード,ヘッダ調整金額の内容を識別するコード,,,,,,,,ヘッダ,UN01005488,BBIE,230,IID172,ヘッダ調整理由コード,ヘッダ調整金額の内容を識別するコード,0..1,rsm:CIIHSupplyChainTradeTransaction/ram:ApplicableCIIHSupplyChainTradeSettlement/ram:SpecifiedCIFinancialAdjustment/ram:ReasonCode,,,,,,,
193,,0..1,ヘッダ調整理由,ヘッダ調整の内容説明,,,,,,,,ヘッダ,UN01005489,BBIE,231,IID173,ヘッダ調整理由,ヘッダ調整の内容説明,0..1,rsm:CIIHSupplyChainTradeTransaction/ram:ApplicableCIIHSupplyChainTradeSettlement/ram:SpecifiedCIFinancialAdjustment/ram:Reason,,,,,,,
194,,1..1,ヘッダ調整金額,"ヘッダ調整金額
'＝（修正インボイス金額ー誤りインボイス金額）
調整ユースケースでは必須",,,,,,,,ヘッダ,UN01005490,BBIE,232,IID174,ヘッダ調整金額,"ヘッダ調整金額
'＝（修正インボイス金額ー誤りインボイス金額）
調整ユースケースでは必須",1..1,rsm:CIIHSupplyChainTradeTransaction/ram:ApplicableCIIHSupplyChainTradeSettlement/ram:SpecifiedCIFinancialAdjustment/ram:ActualAmount,,,,,,,
195,,1..1,ヘッダ調整取引方向コード,"ヘッダ調整額、ヘッダ調整税額の＋ーを識別するコード
調整ユースケースでは必須",,,,,,,,ヘッダ,UN01014649,BBIE,233,IID175,ヘッダ調整取引方向コード,"ヘッダ調整額、ヘッダ調整税額の＋ーを識別するコード
調整ユースケースでは必須",1..1,rsm:CIIHSupplyChainTradeTransaction/ram:ApplicableCIIHSupplyChainTradeSettlement/ram:SpecifiedCIFinancialAdjustment/ram:DirectionCode,,,,,,,
196,,0..n,修正インボイス参照文書,この調整で修正インボイス文書が参照する文書のクラス,,,,,,,,ヘッダ,UN01009671,ASBIE,234,ICL39,修正インボイス参照文書クラス,この調整で修正インボイス文書が参照する文書のクラス,0..n,,,,,,,,
197,,1..1,修正インボイス参照文書番号,この調整で修正インボイス文書が参照する文書に記載の文書番号,,,,,,,,ヘッダ,UN01005580,BBIE,235,IID176,修正インボイス参照文書番号,この調整で修正インボイス文書が参照する文書に記載の文書番号,1..1,rsm:CIIHSupplyChainTradeTransaction/ram:ApplicableCIIHSupplyChainTradeSettlement/ram:SpecifiedCIFinancialAdjustment/ram:InvoiceReferenceCIReferencedDocument/ram:IssuerAssignedID,,,,,,,
198,,0..1,修正インボイス参照文書発行日,この調整で修正インボイスが参照する文書に記載の発行日付,,,,,,,,ヘッダ,UN01005582,BBIE,236,IID177,修正インボイス参照文書発行日,この調整で修正インボイスが参照する文書に記載の発行日付,0..1,rsm:CIIHSupplyChainTradeTransaction/ram:ApplicableCIIHSupplyChainTradeSettlement/ram:SpecifiedCIFinancialAdjustment/ram:InvoiceReferenceCIReferencedDocument/ram:IssueDateTime,,,,,,,
199,,0..1,修正インボイス参照文書履歴番号,この調整で修正インボイスが参照する文書の変更履歴を管理する番号。,,,,,,,,ヘッダ,UN01005588,BBIE,237,IID178,修正インボイス参照文書履歴番号,この調整で修正インボイスが参照する文書の変更履歴を管理する番号。,0..1,rsm:CIIHSupplyChainTradeTransaction/ram:ApplicableCIIHSupplyChainTradeSettlement/ram:SpecifiedCIFinancialAdjustment/ram:InvoiceReferenceCIReferencedDocument/ram:RevisionID,,,,,,,
200,,1..1,修正インボイス参照文書タイプコード,この調整で修正インボイス文書が参照する文書のタイプを識別するコード,,,,,,,,ヘッダ,UN01009672,BBIE,238,IID179,修正インボイス参照文書タイプコード,この調整で修正インボイス文書が参照する文書のタイプを識別するコード,1..1,rsm:CIIHSupplyChainTradeTransaction/ram:ApplicableCIIHSupplyChainTradeSettlement/ram:SpecifiedCIFinancialAdjustment/ram:InvoiceReferenceCIReferencedDocument/ram:TypeCode,,,,,,,
201,,0..1,修正インボイス参照文書サブタイプコード,この調整で修正インボイス文書が参照する文書のサブタイプを識別するコード,,,,,,,,ヘッダ,UN01014899,BBIE,239,IID180,修正インボイス参照文書サブタイプコード,この調整で修正インボイス文書が参照する文書のサブタイプを識別するコード,0..1,rsm:CIIHSupplyChainTradeTransaction/ram:ApplicableCIIHSupplyChainTradeSettlement/ram:SpecifiedCIFinancialAdjustment/ram:InvoiceReferenceCIReferencedDocument/ram:SubtypeCode,,,,,,,
202,,0..n,ヘッダ調整税,ヘッダ調整の税クラス,,,,,,,,ヘッダ,UN01014897,ASBIE,240,ICL40,ヘッダ調整税クラス,ヘッダ調整の税クラス,0..n,,,,,,,,
203,,1..1,ヘッダ調整税額,"ヘッダの調整税額
＝修正インボイス税額ー誤りインボイス税額",,,,,,,,ヘッダ,UN01005833,BBIE,241,IID181,ヘッダ調整税額,"ヘッダの調整税額
＝修正インボイス税額ー誤りインボイス税額",1..1,rsm:CIIHSupplyChainTradeTransaction/ram:ApplicableCIIHSupplyChainTradeSettlement/ram:SpecifiedCIFinancialAdjustment/ram:RelatedCITradeTax/ram:CalculatedAmount,,,,,,,
204,,1..1,ヘッダ調整税率,ヘッダ調整の税率,,,,,,,,ヘッダ,UN01005836,BBIE,242,IID182,ヘッダ調整税率,ヘッダ調整の税率,1..1,rsm:CIIHSupplyChainTradeTransaction/ram:ApplicableCIIHSupplyChainTradeSettlement/ram:SpecifiedCIFinancialAdjustment/ram:RelatedCITradeTax/ram:CalculatedRate,,,,,,,
205,,1..1,ヘッダ調整課税分類コード,ヘッダ調整の課税分類コード,,,,,,,,ヘッダ,UN01005841,BBIE,243,IID183,ヘッダ調整課税分類コード,ヘッダ調整の課税分類コード,1..1,rsm:CIIHSupplyChainTradeTransaction/ram:ApplicableCIIHSupplyChainTradeSettlement/ram:SpecifiedCIFinancialAdjustment/ram:RelatedCITradeTax/ram:CategoryCode,,,,,,,
206,,0..1,未決済合計金額,未決済合計金額（消費税対象外）に関する情報からなるクラス,,,,,,,,ヘッダ,JPS2200016,ASBIE,244,ICL41,未決済合計金額クラス,未決済合計金額（消費税対象外）に関する情報からなるクラス,0..1,,,,,,,,
207,,0..1,追加請求合計金額（消費税対象外）,"消費税が関係しない追加請求合計金額。立替金等。
（課税分類コード＝Ｏの取引）",,,,,,,,ヘッダ,UN01005943,BBIE,245,IID184,追加請求合計金額（消費税対象外）,"消費税が関係しない追加請求合計金額。立替金等。
（課税分類コード＝Ｏの取引）",0..1,rsm:CIIHSupplyChainTradeTransaction/ram:ApplicableCIIHSupplyChainTradeSettlement/ram:OutstandingCIIHTradeSettlementMonetarySummation/ram:ChargeTotalAmount,,,,,,,
208,,0..1,返金合計金額（消費税対象外）,"消費税が関係しない返金合計金額。立替返金等。
（課税分類コード＝Ｏの取引）",,,,,,,,ヘッダ,UN01005944,BBIE,246,IID185,返金合計金額（消費税対象外）,"消費税が関係しない返金合計金額。立替返金等。
（課税分類コード＝Ｏの取引）",0..1,rsm:CIIHSupplyChainTradeTransaction/ram:ApplicableCIIHSupplyChainTradeSettlement/ram:OutstandingCIIHTradeSettlementMonetarySummation/ram:AllowanceTotalAmount,,,,,,,
209,,1..1,前回インボイス文書総合計金額（税込み）,未決済の前回インボイス文書の総合計金額（税込み）,,,,,,,,ヘッダ,UN01005948,BBIE,247,IID186,前回インボイス文書総合計金額（税込み）,未決済の前回インボイス文書の総合計金額（税込み）,1..1,rsm:CIIHSupplyChainTradeTransaction/ram:ApplicableCIIHSupplyChainTradeSettlement/ram:OutstandingCIIHTradeSettlementMonetarySummation/ram:GrandTotalAmount,,,,,,,
210,,1..1,入金済金額（消費税対象外）,前回インボイス文書総合計金額のうち、入金済合計金額,,,,,,,,ヘッダ,UN01005950,BBIE,248,IID187,入金済金額（消費税対象外）,前回インボイス文書総合計金額のうち、入金済合計金額,1..1,rsm:CIIHSupplyChainTradeTransaction/ram:ApplicableCIIHSupplyChainTradeSettlement/ram:OutstandingCIIHTradeSettlementMonetarySummation/ram:TotalPrepaidAmount,,,,,,,
211,,0..1,未決済総合計金額（消費税対象外）,"未決済総合計金額＝
前回インボイス文書総合計金額（税込み）ー入金済金額(課税対象外)＋追加請求合計額（消費税対象外）ー返金合計額（消費税対象外）",,,,,,,,ヘッダ,UN01008445,BBIE,249,IID188,未決済総合計金額（消費税対象外）,"未決済総合計金額＝
前回インボイス文書総合計金額（税込み）ー入金済金額(課税対象外)＋追加請求合計額（消費税対象外）ー返金合計額（消費税対象外）",0..1,rsm:CIIHSupplyChainTradeTransaction/ram:ApplicableCIIHSupplyChainTradeSettlement/ram:OutstandingCIIHTradeSettlementMonetarySummation/ram:DuePayableAmount,,,,,,,
212,,0..n,未決済参照文書,未決済合計金額が参照する文書のクラス,,,,,,,,ヘッダ,JPS2200017,ASBIE,250,ICL42,未決済参照文書クラス,未決済合計金額が参照する文書のクラス,0..n,,,,,,,,
213,,1..1,未決済参照文書番号,未決済合計金額が参照する文書に記載の文書番号,,,,,,,,ヘッダ,UN01005580,BBIE,251,IID189,未決済参照文書番号,未決済合計金額が参照する文書に記載の文書番号,1..1,rsm:CIIHSupplyChainTradeTransaction/ram:ApplicableCIIHSupplyChainTradeSettlement/ram:OutstandingCIIHTradeSettlementMonetarySummation/ram:ReferenceCIReferencedDocument/ram:IssuerAssignedID,,,,,,,
214,,0..1,未決済参照文書発行日,未決済合計金額が参照する文書に記載の発行日付,,,,,,,,ヘッダ,UN01005582,BBIE,252,IID190,未決済参照文書発行日,未決済合計金額が参照する文書に記載の発行日付,0..1,rsm:CIIHSupplyChainTradeTransaction/ram:ApplicableCIIHSupplyChainTradeSettlement/ram:OutstandingCIIHTradeSettlementMonetarySummation/ram:ReferenceCIReferencedDocument/ram:IssueDateTime,,,,,,,
215,,0..1,未決済参照文書履歴番号,未決済合計金額が参照する文書の変更履歴を管理する番号。,,,,,,,,ヘッダ,UN01005588,BBIE,253,IID191,未決済参照文書履歴番号,未決済合計金額が参照する文書の変更履歴を管理する番号。,0..1,rsm:CIIHSupplyChainTradeTransaction/ram:ApplicableCIIHSupplyChainTradeSettlement/ram:OutstandingCIIHTradeSettlementMonetarySummation/ram:ReferenceCIReferencedDocument/ram:RevisionID,,,,,,,
216,,0..1,未決済参照文書情報,未決済合計金額が参照する文書に関する情報,,,,,,,,ヘッダ,UN01006415,BBIE,254,IID192,未決済参照文書情報,未決済合計金額が参照する文書に関する情報,0..1,rsm:CIIHSupplyChainTradeTransaction/ram:ApplicableCIIHSupplyChainTradeSettlement/ram:OutstandingCIIHTradeSettlementMonetarySummation/ram:ReferenceCIReferencedDocument/ram:Information,,,,,,,
217,,1..1,未決済参照文書タイプコード,未決済合計金額が参照する文書のタイプを識別するコード,,,,,,,,ヘッダ,UN01009672,BBIE,255,IID193,未決済参照文書タイプコード,未決済合計金額が参照する文書のタイプを識別するコード,1..1,rsm:CIIHSupplyChainTradeTransaction/ram:ApplicableCIIHSupplyChainTradeSettlement/ram:OutstandingCIIHTradeSettlementMonetarySummation/ram:ReferenceCIReferencedDocument/ram:TypeCode,,,,,,,
218,,0..1,未決済参照文書添付ファイル,"未決済合計金額の添付バイナリファイルの有無を識別するコード
なしの場合はNULL（デファクト）
ありの場合はヘッダの添付バイナリファイル識別子（UN01006015）を指定する。",,,,,,,,ヘッダ,UN01011455,BBIE,256,IID194,未決済参照文書添付ファイル,"未決済合計金額の添付バイナリファイルの有無を識別するコード
なしの場合はNULL（デファクト）
ありの場合はヘッダの添付バイナリファイル識別子（UN01006015）を指定する。",0..1,rsm:CIIHSupplyChainTradeTransaction/ram:ApplicableCIIHSupplyChainTradeSettlement/ram:OutstandingCIIHTradeSettlementMonetarySummation/ram:ReferenceCIReferencedDocument/ram:AttachmentBinaryObject,,,,,,,
219,,0..1,未決済参照文書サブタイプコード,未決済合計金額が参照する文書のサブタイプを識別するコード,,,,,,,,ヘッダ,UN01014899,BBIE,257,IID195,未決済参照文書サブタイプコード,未決済合計金額が参照する文書のサブタイプを識別するコード,0..1,rsm:CIIHSupplyChainTradeTransaction/ram:ApplicableCIIHSupplyChainTradeSettlement/ram:OutstandingCIIHTradeSettlementMonetarySummation/ram:ReferenceCIReferencedDocument/ram:SubtypeCode,,,,,,,
220,,1..1,明細文書,統合文書に統合される明細文書に関する情報からなるクラス。,,,,,,,,明細文書,UN01005989,ASBIE,258,ICL43,明細文書クラス,統合文書に統合される明細文書に関する情報からなるクラス。,1..1,,,,,,,,
221,,1..1,明細文書番号,"この統合文書に統合する複数の明細文書を特定し、識別するために付与した番号。
デフォルトは「１」
単一文書（区分1請求、区分２請求）の場合は非公開とし、EDIプロバイダが「１」をセットする。",,,,,,,,明細文書,UN01005954,BBIE,259,IID196,明細文書番号,"この統合文書に統合する複数の明細文書を特定し、識別するために付与した番号。
デフォルトは「１」
単一文書（区分1請求、区分２請求）の場合は非公開とし、EDIプロバイダが「１」をセットする。",1..1,rsm:CIIHSupplyChainTradeTransaction/ram:IncludedCIILSupplyChainTradeLineItem/ram:AssociatedCIILDocumentLineDocument/ram:LineID,,,,,,,
222,,1..1,明細文書類型コード,"この明細文書の取引類型（資産譲渡、補完、返金・追加請求、相殺、調整、参照等）を識別するコード。
デフォルトは資産譲渡",,,,,,,,明細文書,UN01014645,BBIE,260,IID197,明細文書類型コード,"この明細文書の取引類型（資産譲渡、補完、返金・追加請求、相殺、調整、参照等）を識別するコード。
デフォルトは資産譲渡",1..1,rsm:CIIHSupplyChainTradeTransaction/ram:IncludedCIILSupplyChainTradeLineItem/ram:AssociatedCIILDocumentLineDocument/ram:CategoryCode,,,,,,,
223,,0..1,明細文書参照受注書,明細文書契約が参照する受注書に関する情報からなるクラス。,,,,,,,,明細文書,UN01005960,ASBIE,271,ICL46,明細文書参照受注書クラス,明細文書契約が参照する受注書に関する情報からなるクラス。,0..1,,,,,,,,
224,,0..1,（参照）受注書番号,この明細文書が参照する受注書に記載の文書番号,,,,,,,,明細文書,UN01005580,BBIE,272,IID206,（参照）受注書番号,この明細文書が参照する受注書に記載の文書番号,0..1,rsm:CIIHSupplyChainTradeTransaction/ram:IncludedCIILSupplyChainTradeLineItem/ram:SpecifiedCIILSupplyChainTradeAgreement/ram:SellerOrderReferencedCIReferencedDocument/ram:IssuerAssignedID,1140,IBT-014,0..1,1,受注参照,Document Reference,/ubl:Invoice/cac:OrderReference/cbc:SalesOrderID
225,,0..1,（参照）受注書履歴番号,この明細文書が参照する受注書の変更履歴を管理する番号。,,,,,,,,明細文書,UN01005588,BBIE,273,IID207,（参照）受注書履歴番号,この明細文書が参照する受注書の変更履歴を管理する番号。,0..1,rsm:CIIHSupplyChainTradeTransaction/ram:IncludedCIILSupplyChainTradeLineItem/ram:SpecifiedCIILSupplyChainTradeAgreement/ram:SellerOrderReferencedCIReferencedDocument/ram:RevisionID,,,,,,,
226,,0..1,明細文書参照注文書,明細文書が参照する注文書に関する情報からなるクラス。,,,,,,,,明細文書,UN01005961,ASBIE,274,ICL47,明細文書参照注文書クラス,明細文書が参照する注文書に関する情報からなるクラス。,0..1,,,,,,,,
227,,0..1,（参照）注文書番号,この明細文書が参照する注文書に記載の文書番号。注文履歴番号(枝番)を利用している場合は「注文番号＋注文履歴番号」に変換する,,,,,,,,明細文書,UN01005580,BBIE,275,IID208,（参照）注文書番号,この明細文書が参照する注文書に記載の文書番号。注文履歴番号(枝番)を利用している場合は「注文番号＋注文履歴番号」に変換する,0..1,rsm:CIIHSupplyChainTradeTransaction/ram:IncludedCIILSupplyChainTradeLineItem/ram:SpecifiedCIILSupplyChainTradeAgreement/ram:BuyerOrderReferencedCIReferencedDocument/ram:IssuerAssignedID,1130,IBT-013,0..1,1,購買発注参照,Document Reference,/ubl:Invoice/cac:OrderReference/cbc:ID
228,,0..1,（参照）注文書履歴番号,この明細文書が参照する注文書の変更履歴を管理する番号。,,,,,,,,明細文書,UN01005588,BBIE,276,IID209,（参照）注文書履歴番号,この明細文書が参照する注文書の変更履歴を管理する番号。,0..1,rsm:CIIHSupplyChainTradeTransaction/ram:IncludedCIILSupplyChainTradeLineItem/ram:SpecifiedCIILSupplyChainTradeAgreement/ram:BuyerOrderReferencedCIReferencedDocument/ram:RevisionID,,,,,,,
229,,0..1,（参照）契約文書,明細文書が参照する契約文書に関る情報からなるクラス。,,,,,,,,明細文書,UN01005963,ASBIE,277,ICL48,（参照）契約文書クラス,明細文書が参照する契約文書に関る情報からなるクラス。,0..1,,,,,,,,
230,,0..1,（参照）契約文書番号,この明細文書が参照する契約書に記載の文書番号,,,,,,,,明細文書,UN01005580,BBIE,278,IID210,（参照）契約文書番号,この明細文書が参照する契約書に記載の文書番号,0..1,rsm:CIIHSupplyChainTradeTransaction/ram:IncludedCIILSupplyChainTradeLineItem/ram:SpecifiedCIILSupplyChainTradeAgreement/ram:ContractReferencedCIReferencedDocument/ram:IssuerAssignedID,1120,IBT-012,0..1,1,契約書参照,Document Reference,/ubl:Invoice/cac:ContractDocumentReference/cbc:ID
231,,0..1,（参照）契約書履歴番号,この文書が参照する契約書の変更履歴を管理する番号。,,,,,,,,明細文書,UN01005588,BBIE,279,IID211,（参照）契約書履歴番号,この文書が参照する契約書の変更履歴を管理する番号。,0..1,rsm:CIIHSupplyChainTradeTransaction/ram:IncludedCIILSupplyChainTradeLineItem/ram:SpecifiedCIILSupplyChainTradeAgreement/ram:ContractReferencedCIReferencedDocument/ram:RevisionID,,,,,,,
232,,,,,,,,,,,,,,,,,,,,,1160,IBT-016,0..1,1,出荷案内書参照,Document Reference,/ubl:Invoice/cac:DespatchDocumentReference/cbc:ID
233,,0..1,納入先,納入先に関する情報からなるクラス。,,,,,,,,明細文書,UN01005980,ASBIE,280,ICL49,納入先クラス,納入先に関する情報からなるクラス。,0..1,,1970,IBG-13,0..1,1,納入先,,/ubl:Invoice/cac:Delivery
234,,0..1,納入先コード,納入先の企業/工場・事業所・事業部門等を表す発注者が付与したコード。,,,,,,,,明細文書,UN01005757,BBIE,281,IID212,納入先コード,納入先の企業/工場・事業所・事業部門等を表す発注者が付与したコード。,0..1,rsm:CIIHSupplyChainTradeTransaction/ram:IncludedCIILSupplyChainTradeLineItem/ram:SpecifiedCIILSupplyChainTradeDelivery/ram:ShipToCITradeParty/ram:ID,1990,IBT-071,0..1,2,納入先ID,Identifier,/ubl:Invoice/cac:Delivery/cac:DeliveryLocation/cbc:ID
235,,0..1,納入先国際企業コード,納入先企業を表す国際企業コード。中小企業共通EDIでは法人番号を利用,,,,,,,,明細文書,UN01005758,BBIE,282,IID213,納入先国際企業コード,納入先企業を表す国際企業コード。中小企業共通EDIでは法人番号を利用,0..1,rsm:CIIHSupplyChainTradeTransaction/ram:IncludedCIILSupplyChainTradeLineItem/ram:SpecifiedCIILSupplyChainTradeDelivery/ram:ShipToCITradeParty/ram:GlobalID,,,,,,,
236,,0..1,納入先名称,納入先の企業/工場・事業所・事業部門等の名称,,,,,,,,明細文書,UN01005759,BBIE,283,IID214,納入先名称,納入先の企業/工場・事業所・事業部門等の名称,0..1,rsm:CIIHSupplyChainTradeTransaction/ram:IncludedCIILSupplyChainTradeLineItem/ram:SpecifiedCIILSupplyChainTradeDelivery/ram:ShipToCITradeParty/ram:Name,1980,IBT-070,0..1,2,納入先名称,Text,/ubl:Invoice/cac:Delivery/cac:DeliveryParty/cac:PartyName/cbc:Name
237,,0..1,納入先住所,住所に関する情報からなるクラス。,,,,,,,,明細文書,UN01005762,ASBIE,284,ICL50,納入先住所クラス,住所に関する情報からなるクラス。,0..1,,2050,IBG-15,0..1,2,納入先住所,,/ubl:Invoice/cac:Delivery/cac:DeliveryLocation/cac:Address
238,,0..1,納入先郵便番号,納入先の郵便番号,,,,,,,,明細文書,UN01005689,BBIE,285,IID215,納入先郵便番号,納入先の郵便番号,0..1,rsm:CIIHSupplyChainTradeTransaction/ram:IncludedCIILSupplyChainTradeLineItem/ram:SpecifiedCIILSupplyChainTradeDelivery/ram:ShipToCITradeParty/ram:PostalCITradeAddress/ram:PostcodeCode,2100,IBT-078,0..1,3,納入先郵便番号,Text,/ubl:Invoice/cac:Delivery/cac:DeliveryLocation/cac:Address/cbc:PostalZone
239,,0..1,納入先住所1,納入先の住所1行目,,,,,,,,明細文書,UN01005692,BBIE,286,IID216,納入先住所1,納入先の住所1行目,0..1,rsm:CIIHSupplyChainTradeTransaction/ram:IncludedCIILSupplyChainTradeLineItem/ram:SpecifiedCIILSupplyChainTradeDelivery/ram:ShipToCITradeParty/ram:PostalCITradeAddress/ram:LineOne,2060,IBT-075,0..1,3,納入先住所欄1,Text,/ubl:Invoice/cac:Delivery/cac:DeliveryLocation/cac:Address/cbc:StreetName
240,,0..1,納入先住所2,納入先の住所2行目。,,,,,,,,明細文書,UN01005693,BBIE,287,IID217,納入先住所2,納入先の住所2行目。,0..1,rsm:CIIHSupplyChainTradeTransaction/ram:IncludedCIILSupplyChainTradeLineItem/ram:SpecifiedCIILSupplyChainTradeDelivery/ram:ShipToCITradeParty/ram:PostalCITradeAddress/ram:LineTwo,2070,IBT-076,0..1,3,納入先住所欄2,Text,/ubl:Invoice/cac:Delivery/cac:DeliveryLocation/cac:Address/cbc:AdditionalStreetName
241,,0..1,納入先住所3,納入先の住所3行目。,,,,,,,,明細文書,UN01005694,BBIE,288,IID218,納入先住所3,納入先の住所3行目。,0..1,rsm:CIIHSupplyChainTradeTransaction/ram:IncludedCIILSupplyChainTradeLineItem/ram:SpecifiedCIILSupplyChainTradeDelivery/ram:ShipToCITradeParty/ram:PostalCITradeAddress/ram:LineThree,2080,IBT-165,0..1,3,納入先住所欄3,Text,/ubl:Invoice/cac:Delivery/cac:DeliveryLocation/cac:Address/cac:AddressLine/cbc:Line
242,,1..1,納入先国識別子,納入先の国ID。デフォルトは「JP」,,,,,,,,明細文書,UN01005700,BBIE,289,IID219,納入先国識別子,納入先の国ID。デフォルトは「JP」,1..1,rsm:CIIHSupplyChainTradeTransaction/ram:IncludedCIILSupplyChainTradeLineItem/ram:SpecifiedCIILSupplyChainTradeDelivery/ram:ShipToCITradeParty/ram:PostalCITradeAddress/ram:CountryID,2120,IBT-080,1..1,3,納入先国コード,Code,/ubl:Invoice/cac:Delivery/cac:DeliveryLocation/cac:Address/cac:Country/cbc:IdentificationCode
243,,0..1,イベント,配送にかかわるイベントのクラス,,,,,,,,明細文書,UN01005986,ASBIE,290,ICL51,イベントクラス,配送にかかわるイベントのクラス,0..1,,,,,,,,
244,,0..1,配送日,納入先へ発送した日時,,,,,,,,明細文書,UN01005628,BBIE,291,IID220,配送日,納入先へ発送した日時,0..1,rsm:CIIHSupplyChainTradeTransaction/ram:IncludedCIILSupplyChainTradeLineItem/ram:SpecifiedCIILSupplyChainTradeDelivery/ram:ActualDeliveryCISupplyChainEvent/ram:OccurrenceDateTime,2010,IBT-072,0..1,2,実際納入日,Date,/ubl:Invoice/cac:Delivery/cbc:ActualDeliveryDate
245,,0..n,（参照）納品書,明細文書が参照する納品書のクラス,,,,,,,,明細文書,UN01006041,ASBIE,292,ICL52,（参照）納品書クラス,明細文書が参照する納品書のクラス,0..n,,,,,,,,
246,,1..1,（参照）納品書番号,この明細文書が参照する受注者が付番した納品書番号,,,,,,,,明細文書,UN01005580,BBIE,293,IID221,（参照）納品書番号,この明細文書が参照する受注者が付番した納品書番号,1..1,rsm:CIIHSupplyChainTradeTransaction/ram:IncludedCIILSupplyChainTradeLineItem/ram:SpecifiedCIILSupplyChainTradeDelivery/ram:DeliveryNoteReferencedCIReferencedDocument/ram:IssuerAssignedID,,,,,,,
247,,0..1,（参照）納品書履歴番号,この明細文書が参照する納品書の変更履歴を管理する番号。,,,,,,,,明細文書,UN01005588,BBIE,294,IID222,（参照）納品書履歴番号,この明細文書が参照する納品書の変更履歴を管理する番号。,0..1,rsm:CIIHSupplyChainTradeTransaction/ram:IncludedCIILSupplyChainTradeLineItem/ram:SpecifiedCIILSupplyChainTradeDelivery/ram:DeliveryNoteReferencedCIReferencedDocument/ram:RevisionID,,,,,,,
248,,1..1,（参照）納品書タイプコード,"この明細文書が参照する納品書のタイプを識別するコード
デフォルトは「納品書」",,,,,,,,明細文書,UN01009672,BBIE,295,IID223,（参照）納品書タイプコード,"この明細文書が参照する納品書のタイプを識別するコード
デフォルトは「納品書」",1..1,rsm:CIIHSupplyChainTradeTransaction/ram:IncludedCIILSupplyChainTradeLineItem/ram:SpecifiedCIILSupplyChainTradeDelivery/ram:DeliveryNoteReferencedCIReferencedDocument/ram:TypeCode,,,,,,,
249,,1..1,（参照）納品書類型コード,"この明細文書が参照する納品書の類型（適格請求書等対応、適格請求書等部分対応、適格請求書非適合）を識別するコード
デフォルトは「適格請求書非適合」",,,,,,,,明細文書,UN01013318,BBIE,296,IID224,（参照）納品書類型コード,"この明細文書が参照する納品書の類型（適格請求書等対応、適格請求書等部分対応、適格請求書非適合）を識別するコード
デフォルトは「適格請求書非適合」",1..1,rsm:CIIHSupplyChainTradeTransaction/ram:IncludedCIILSupplyChainTradeLineItem/ram:SpecifiedCIILSupplyChainTradeDelivery/ram:DeliveryNoteReferencedCIReferencedDocument/ram:CategoryCode,,,,,,,
250,,1..1,（参照）文書サブタイプコード,"この明細文書が参照する納品書のサブタイプを識別するコード
デフォルトは「納品書」",,,,,,,,明細文書,UN01014899,BBIE,297,IID225,（参照）文書サブタイプコード,"この明細文書が参照する納品書のサブタイプを識別するコード
デフォルトは「納品書」",1..1,rsm:CIIHSupplyChainTradeTransaction/ram:IncludedCIILSupplyChainTradeLineItem/ram:SpecifiedCIILSupplyChainTradeDelivery/ram:DeliveryNoteReferencedCIReferencedDocument/ram:SubtypeCode,,,,,,,
251,,1..n,明細行,明細行に関する情報からなるクラス,,,,,,,,明細行,UN01009669,ASBIE,355,ICL64,明細行クラス,明細行に関する情報からなるクラス,1..n,,2970,IBG-36,0..1,2,明細行文書参照,,/ubl:Invoice/cac:InvoiceLine/cac:DocumentReference[not(cbc:DocumentTypeCode='130')]
252,,1..1,明細行番号,この文書の明細行に関する情報を特定するために付与した行番号。明細行をユニークに識別するために付番する場合は文書番号との複合キーで明細行を特定する。,,,,,,,,明細行,UN01009648,BBIE,356,IID272,明細行番号,この文書の明細行に関する情報を特定するために付与した行番号。明細行をユニークに識別するために付番する場合は文書番号との複合キーで明細行を特定する。,1..1,rsm:CIIHSupplyChainTradeTransaction/ram:IncludedCIILSupplyChainTradeLineItem/ram:SubordinateCIILBSubordinateTradeLineItem/ram:ID,2980,IBT-188,1..1,3,明細行文書ID,Identifier,/ubl:Invoice/cac:InvoiceLine/cac:DocumentReference[not(cbc:DocumentTypeCode='130')]/cbc:ID
253,,0..1,明細行類型コード,"この明細行の取引類型（資産譲渡、返金・追加請求、調整等）を識別するコード。
=101：資産譲渡（デフォルト）
＝102：返金
=103：追加請求
=104：調整（修正差月請求）",,,,,,,,明細行,UN01014637,BBIE,357,IID273,明細行類型コード,"この明細行の取引類型（資産譲渡、返金・追加請求、調整等）を識別するコード。
=101：資産譲渡（デフォルト）
＝102：返金
=103：追加請求
=104：調整（修正差月請求）",0..1,rsm:CIIHSupplyChainTradeTransaction/ram:IncludedCIILSupplyChainTradeLineItem/ram:SubordinateCIILBSubordinateTradeLineItem/ram:CategoryCode,,,,,,,
254,,0..1,明細行参照受注書,明細行の参照受注書クラス,,,,,,,,明細行,UN01009654,ASBIE,358,ICL65,明細行参照受注書クラス,明細行の参照受注書クラス,0..1,,,,,,,,
255,,0..1,（明細行参照）受注書番号,この明細行が参照する受注書に記載の文書番号,,,,,,,,明細行,UN01005580,BBIE,359,IID274,（明細行参照）受注書番号,この明細行が参照する受注書に記載の文書番号,0..1,rsm:CIIHSupplyChainTradeTransaction/ram:IncludedCIILSupplyChainTradeLineItem/ram:SubordinateCIILBSubordinateTradeLineItem/ram:SpecifiedCIILBSupplyChainTradeAgreement/ram:SellerOrderReferencedCIReferencedDocument/ram:IssuerAssignedID,,,,,,,
256,,0..1,（明細行参照）受注書明細行番号,この明細行が参照する受注書に記載の明細行番号,,,,,,,,明細行,UN01005585,BBIE,360,IID275,（明細行参照）受注書明細行番号,この明細行が参照する受注書に記載の明細行番号,0..1,rsm:CIIHSupplyChainTradeTransaction/ram:IncludedCIILSupplyChainTradeLineItem/ram:SubordinateCIILBSubordinateTradeLineItem/ram:SpecifiedCIILBSupplyChainTradeAgreement/ram:SellerOrderReferencedCIReferencedDocument/ram:LineID,,,,,,,
257,,0..1,（明細行参照）受注書履歴番号,この明細行が参照する受注書の変更履歴を管理する番号。,,,,,,,,明細行,UN01005588,BBIE,361,IID276,（明細行参照）受注書履歴番号,この明細行が参照する受注書の変更履歴を管理する番号。,0..1,rsm:CIIHSupplyChainTradeTransaction/ram:IncludedCIILSupplyChainTradeLineItem/ram:SubordinateCIILBSubordinateTradeLineItem/ram:SpecifiedCIILBSupplyChainTradeAgreement/ram:SellerOrderReferencedCIReferencedDocument/ram:RevisionID,,,,,,,
258,,0..1,明細行参照注文書,明細行の参照注文書クラス,,,,,,,,明細行,UN01009655,ASBIE,362,ICL66,明細行参照注文書クラス,明細行の参照注文書クラス,0..1,,,,,,,,
259,,0..1,（明細行参照）注文書番号,この明細行が参照する注文書に記載の文書番号,,,,,,,,明細行,UN01005580,BBIE,363,IID277,（明細行参照）注文書番号,この明細行が参照する注文書に記載の文書番号,0..1,rsm:CIIHSupplyChainTradeTransaction/ram:IncludedCIILSupplyChainTradeLineItem/ram:SubordinateCIILBSubordinateTradeLineItem/ram:SpecifiedCIILBSupplyChainTradeAgreement/ram:BuyerOrderReferencedCIReferencedDocument/ram:IssuerAssignedID,3050,IBT-183,0..1,2,購買発注書参照,Document Reference,/ubl:Invoice/cac:InvoiceLine/cac:OrderLineReference/cac:OrderReference/cbc:ID
260,,0..1,（明細行参照）注文書明細行番号,この明細行が参照する注文書に記載の明細行番号,,,,,,,,明細行,UN01005585,BBIE,364,IID278,（明細行参照）注文書明細行番号,この明細行が参照する注文書に記載の明細行番号,0..1,rsm:CIIHSupplyChainTradeTransaction/ram:IncludedCIILSupplyChainTradeLineItem/ram:SubordinateCIILBSubordinateTradeLineItem/ram:SpecifiedCIILBSupplyChainTradeAgreement/ram:BuyerOrderReferencedCIReferencedDocument/ram:LineID,3060,IBT-132,0..1,2,購買発注明細行参照,Document Reference,/ubl:Invoice/cac:InvoiceLine/cac:OrderLineReference/cbc:LineID
261,,0..1,（明細行参照）注文書履歴番号,この明細行が参照する注文書の変更履歴を管理する番号。,,,,,,,,明細行,UN01005588,BBIE,365,IID279,（明細行参照）注文書履歴番号,この明細行が参照する注文書の変更履歴を管理する番号。,0..1,rsm:CIIHSupplyChainTradeTransaction/ram:IncludedCIILSupplyChainTradeLineItem/ram:SubordinateCIILBSubordinateTradeLineItem/ram:SpecifiedCIILBSupplyChainTradeAgreement/ram:BuyerOrderReferencedCIReferencedDocument/ram:RevisionID,,,,,,,
262,,,,,,,,,,,,,,,,,,,,,2970,ibg-36,0..1,2,明細行文書参照,,/ubl:Invoice/cac:InvoiceLine/cac:DocumentReference[not(cbc:DocumentTypeCode='130')]
263,,,,,,,,,,,,,,,,,,,,,2980,ibt-188,1..1,3,明細行文書ID,Identifier,/ubl:Invoice/cac:InvoiceLine/cac:DocumentReference[not(cbc:DocumentTypeCode='130')]/cbc:ID
264,,,,,,,,,,,,,,,,,,,,,2990,ibt-189,0..1,3,文書タイプコード,Code,/ubl:Invoice/cac:InvoiceLine/cac:DocumentReference[not(cbc:DocumentTypeCode='130')]/cbc:DocumentTypeCode
265,,,,,,,,,,,,,,,,,,,,,3000,ibt-128,0..1,2,請求書明細行オブジェクトID,Identifier,/ubl:Invoice/cac:InvoiceLine/cac:DocumentReference[cbc:DocumentTypeCode='130']/cbc:ID
266,,,,,,,,,,,,,,,,,,,,,3010,ibt-128-1,0..1,3,スキーマID,Code,/ubl:Invoice/cac:InvoiceLine/cac:DocumentReference[cbc:DocumentTypeCode='130']/cbc:ID/@schemeID
267,,0..n,明細行参照文書,明細行の参照文書クラス,,,,,,,,明細行,UN01009656,ASBIE,366,ICL67,明細行参照文書クラス,明細行の参照文書クラス,0..n,,,,,,,,
268,,1..1,（明細行参照）文書番号,"この明細行が参照する文書に記載の文書番号。
補完納品書の場合は必須",,,,,,,,明細行,UN01005580,BBIE,367,IID280,（明細行参照）文書番号,"この明細行が参照する文書に記載の文書番号。
補完納品書の場合は必須",1..1,rsm:CIIHSupplyChainTradeTransaction/ram:IncludedCIILSupplyChainTradeLineItem/ram:SubordinateCIILBSubordinateTradeLineItem/ram:SpecifiedCIILBSupplyChainTradeAgreement/ram:AdditionalReferencedCIReferencedDocument/ram:IssuerAssignedID,,,,,,,
269,,0..1,（明細行参照）文書明細行番号,この明細行が参照する文書に記載の文書明細行番号。デフォルトは納品書,,,,,,,,明細行,UN01005585,BBIE,368,IID281,（明細行参照）文書明細行番号,この明細行が参照する文書に記載の文書明細行番号。デフォルトは納品書,0..1,rsm:CIIHSupplyChainTradeTransaction/ram:IncludedCIILSupplyChainTradeLineItem/ram:SubordinateCIILBSubordinateTradeLineItem/ram:SpecifiedCIILBSupplyChainTradeAgreement/ram:AdditionalReferencedCIReferencedDocument/ram:LineID,,,,,,,
270,,0..1,（明細行参照）文書履歴番号,この明細行が参照する文書の変更履歴を管理する番号。,,,,,,,,明細行,UN01005588,BBIE,369,IID282,（明細行参照）文書履歴番号,この明細行が参照する文書の変更履歴を管理する番号。,0..1,rsm:CIIHSupplyChainTradeTransaction/ram:IncludedCIILSupplyChainTradeLineItem/ram:SubordinateCIILBSubordinateTradeLineItem/ram:SpecifiedCIILBSupplyChainTradeAgreement/ram:AdditionalReferencedCIReferencedDocument/ram:RevisionID,,,,,,,
271,,1..1,（明細行参照）文書タイプコード,この明細行が参照する文書のタイプを識別するコード。デフォルトは納品書,,,,,,,,明細行,UN01009672,BBIE,370,IID283,（明細行参照）文書タイプコード,この明細行が参照する文書のタイプを識別するコード。デフォルトは納品書,1..1,rsm:CIIHSupplyChainTradeTransaction/ram:IncludedCIILSupplyChainTradeLineItem/ram:SubordinateCIILBSubordinateTradeLineItem/ram:SpecifiedCIILBSupplyChainTradeAgreement/ram:AdditionalReferencedCIReferencedDocument/ram:TypeCode,,,,,,,
272,,0..1,（明細行参照）文書添付ファイル,"この明細行が参照する文書の添付バイナリファイルの有無を識別するコード
なしの場合はNULL（デファクト）
ありの場合はヘッダの添付バイナリファイル識別子（UN01006015）を指定する。",,,,,,,,明細行,UN01011455,BBIE,371,IID284,（明細行参照）文書添付ファイル,"この明細行が参照する文書の添付バイナリファイルの有無を識別するコード
なしの場合はNULL（デファクト）
ありの場合はヘッダの添付バイナリファイル識別子（UN01006015）を指定する。",0..1,rsm:CIIHSupplyChainTradeTransaction/ram:IncludedCIILSupplyChainTradeLineItem/ram:SubordinateCIILBSubordinateTradeLineItem/ram:SpecifiedCIILBSupplyChainTradeAgreement/ram:AdditionalReferencedCIReferencedDocument/ram:AttachmentBinaryObject,,,,,,,
273,,1..1,（明細行参照）文書類型コード,"この明細行が参照する文書の類型（適格請求書対応、適格請求書補完対応、適格請求書非適合）を識別するコード
デフォルトは「適格請求書非適合」",,,,,,,,明細行,UN01013318,BBIE,372,IID285,（明細行参照）文書類型コード,"この明細行が参照する文書の類型（適格請求書対応、適格請求書補完対応、適格請求書非適合）を識別するコード
デフォルトは「適格請求書非適合」",1..1,rsm:CIIHSupplyChainTradeTransaction/ram:IncludedCIILSupplyChainTradeLineItem/ram:SubordinateCIILBSubordinateTradeLineItem/ram:SpecifiedCIILBSupplyChainTradeAgreement/ram:AdditionalReferencedCIReferencedDocument/ram:CategoryCode,,,,,,,
274,,1..1,（明細行参照）文書サブタイプコード,この明細行が参照する文書のタイプを識別するコード。デフォルトは納品書,,,,,,,,明細行,UN01014899,BBIE,373,IID286,（明細行参照）文書サブタイプコード,この明細行が参照する文書のタイプを識別するコード。デフォルトは納品書,1..1,rsm:CIIHSupplyChainTradeTransaction/ram:IncludedCIILSupplyChainTradeLineItem/ram:SubordinateCIILBSubordinateTradeLineItem/ram:SpecifiedCIILBSupplyChainTradeAgreement/ram:AdditionalReferencedCIReferencedDocument/ram:SubtypeCode,,,,,,,
275,,1..1,契約単価,明細行の契約単価に関する情報からなるクラス。,,,,,,,,明細行,UN01009658,ASBIE,374,ICL68,契約単価クラス,明細行の契約単価に関する情報からなるクラス。,1..1,,3240,IBG-29,1..1,2,取引価格詳細,,/ubl:Invoice/cac:InvoiceLine/cac:Price
276,,0..1,単価コード,単価の区分（確定、仮単価等）を識別するコード,,,,,,,,明細行,UN01005791,BBIE,375,IID287,単価コード,単価の区分（確定、仮単価等）を識別するコード,0..1,rsm:CIIHSupplyChainTradeTransaction/ram:IncludedCIILSupplyChainTradeLineItem/ram:SubordinateCIILBSubordinateTradeLineItem/ram:SpecifiedCIILBSupplyChainTradeAgreement/ram:NetPriceProductCITradePrice/ram:TypeCode,,,,,,,
277,,1..1,契約単価,"発注者と受注者が合意した明細発注品の単価。単価基準数量と単価基準数量単位の指定に従う。
税込み、税抜きの識別はヘッダ部の「UN01013096：税計算方式」で指定（指定がない場合（デフォルト）は税抜き）。",,,,,,,,明細行,UN01005792,BBIE,376,IID288,契約単価,"発注者と受注者が合意した明細発注品の単価。単価基準数量と単価基準数量単位の指定に従う。
税込み、税抜きの識別はヘッダ部の「UN01013096：税計算方式」で指定（指定がない場合（デフォルト）は税抜き）。",1..1,rsm:CIIHSupplyChainTradeTransaction/ram:IncludedCIILSupplyChainTradeLineItem/ram:SubordinateCIILBSubordinateTradeLineItem/ram:SpecifiedCIILBSupplyChainTradeAgreement/ram:NetPriceProductCITradePrice/ram:ChargeAmount,3250,IBT-146,1..1,3,品目単価(値引後)(税抜き),Unit Price Amount,/ubl:Invoice/cac:InvoiceLine/cac:Price/cbc:PriceAmount
278,,,,,,,,,,,,明細行,,,,,,,,,3260,ibt-147,0..1,3,品目単価値引(税抜き),Unit Price Amount,/ubl:Invoice/cac:InvoiceLine/cac:Price/cac:AllowanceCharge[cbc:ChargeIndicator=false()]/cbc:Amount
279,,,,,,,,,,,,明細行,,,,,,,,,3270,ibt-148,0..1,3,品目単価(値引前)(税抜き),Unit Price Amount,/ubl:Invoice/cac:InvoiceLine/cac:Price/cac:AllowanceCharge[cbc:ChargeIndicator=false()]/cbc:BaseAmount
280,,0..1,単価基準数量,"不定貫品目（個数でカウントできない品目）の場合：
　単価基準数量＝単価の基準となる重量・容量
定貫品目（個数でカウントできる品目）の場合：
　単価基準数量＝１（デフォルト）",,,,,,,,明細行,UN01005793,BBIE,377,IID289,単価基準数量,"不定貫品目（個数でカウントできない品目）の場合：
　単価基準数量＝単価の基準となる重量・容量
定貫品目（個数でカウントできる品目）の場合：
　単価基準数量＝１（デフォルト）",0..1,rsm:CIIHSupplyChainTradeTransaction/ram:IncludedCIILSupplyChainTradeLineItem/ram:SubordinateCIILBSubordinateTradeLineItem/ram:SpecifiedCIILBSupplyChainTradeAgreement/ram:NetPriceProductCITradePrice/ram:BasisQuantity,3280,IBT-149,0..1,3,品目単価基準数量,Quantity,/ubl:Invoice/cac:InvoiceLine/cac:Price/cbc:BaseQuantity
281,,,単価基準数量単位コード,単価基準数量単位のコード名,,,,,,,,明細行,,,378,IID290,単価基準数量単位コード,単価基準数量単位のコード名,,,3290,IBT-150,0..1,3,品目単価基準数量の数量単位コード,Code,/ubl:Invoice/cac:InvoiceLine/cac:Price/cbc:BaseQuantity/@unitCode
282,,1..1,明細行納入,明細行の納入に関する情報からなるクラス,,,,,,,,明細行,UN01009650,ASBIE,379,ICL69,明細行納入クラス,明細行の納入に関する情報からなるクラス,1..1,,,,,,,,
283,,0..1,セット数量,"この明細行品目がセットで請求された場合のセット数量
流通業の固有仕様",,,,,,,,明細行,UN01009660,BBIE,380,IID291,セット数量,"この明細行品目がセットで請求された場合のセット数量
流通業の固有仕様",0..1,rsm:CIIHSupplyChainTradeTransaction/ram:IncludedCIILSupplyChainTradeLineItem/ram:SubordinateCIILBSubordinateTradeLineItem/ram:SpecifiedCIILBSupplyChainTradeDelivery/ram:PackageQuantity,,,,,,,
284,,0..1,バラ数量,"この明細行品目が単体（バラ）で請求された場合の数量
流通業の固有仕様",,,,,,,,明細行,UN01009661,BBIE,381,IID292,バラ数量,"この明細行品目が単体（バラ）で請求された場合の数量
流通業の固有仕様",0..1,rsm:CIIHSupplyChainTradeTransaction/ram:IncludedCIILSupplyChainTradeLineItem/ram:SubordinateCIILBSubordinateTradeLineItem/ram:SpecifiedCIILBSupplyChainTradeDelivery/ram:ProductUnitQuantity,,,,,,,
285,,0..1,セット単位数量(入り数）,"●定貫品目の数量単位指定が「セット」の場合：1セット当たりのバラ数量。
●定貫品目の数量単位指定が「個」の場合：利用しない
●不定貫品目の数量単位指定の場合：
　利用しない。
●ハイブリッド品目の場合：指定した定貫品目数量単位の1単位当たりの重量等",,,,,,,,明細行,UN01009662,BBIE,382,IID293,セット単位数量(入り数）,"●定貫品目の数量単位指定が「セット」の場合：1セット当たりのバラ数量。
●定貫品目の数量単位指定が「個」の場合：利用しない
●不定貫品目の数量単位指定の場合：
　利用しない。
●ハイブリッド品目の場合：指定した定貫品目数量単位の1単位当たりの重量等",0..1,rsm:CIIHSupplyChainTradeTransaction/ram:IncludedCIILSupplyChainTradeLineItem/ram:SubordinateCIILBSubordinateTradeLineItem/ram:SpecifiedCIILBSupplyChainTradeDelivery/ram:PerPackageUnitQuantity,,,,,,,
286,,1..1,請求数量,"この明細行品目のバラ請求数量、またはセット請求数量。
バラ、セットの区分は数量単位コードで指定する
流通業取引では利用せず、「セット数量」「バラ数量」情報項目を利用する",,,,,,,,明細行,UN01014639,BBIE,383,IID294,請求数量,"この明細行品目のバラ請求数量、またはセット請求数量。
バラ、セットの区分は数量単位コードで指定する
流通業取引では利用せず、「セット数量」「バラ数量」情報項目を利用する",1..1,rsm:CIIHSupplyChainTradeTransaction/ram:IncludedCIILSupplyChainTradeLineItem/ram:SubordinateCIILBSubordinateTradeLineItem/ram:SpecifiedCIILBSupplyChainTradeDelivery/ram:BilledQuantity,3020,IBT-129,1..1,2,請求する数量,Quantity,/ubl:Invoice/cac:InvoiceLine/cbc:InvoicedQuantity
287,,,数量単位コード,数量単位のコード名,,,,,,,,明細行,,,384,IID295,数量単位コード,数量単位のコード名,,,3030,IBT-130,1..1,2,請求する数量の数量単位コード,Code,/ubl:Invoice/cac:InvoiceLine/cbc:InvoicedQuantity/@unitCode
288,,1..1,明細行決裁,明細行の決済入に関する情報からなるクラス,,,,,,,,明細行,UN01009651,ASBIE,385,ICL70,明細行決裁クラス,明細行の決済入に関する情報からなるクラス,1..1,,,,,,,,
289,,1..1,明細行取引方向コード,"明細行の取引方向を識別するコード
デフォルトは「プラス」
明細行取引類型コードが「返金・追加請求」「調整」を指定場合に利用する。
金額の「プラス」「マイナス」表示を許容する場合は実装しない。",,,,,,,,明細行,UN01014641,BBIE,386,IID296,明細行取引方向コード,"明細行の取引方向を識別するコード
デフォルトは「プラス」
明細行取引類型コードが「返金・追加請求」「調整」を指定場合に利用する。
金額の「プラス」「マイナス」表示を許容する場合は実装しない。",1..1,rsm:CIIHSupplyChainTradeTransaction/ram:IncludedCIILSupplyChainTradeLineItem/ram:SubordinateCIILBSubordinateTradeLineItem/ram:SpecifiedCIILBSupplyChainTradeSettlement/ram:DirectionCode,,,,,,,
290,,1..1,明細行税,明細行の税に関する情報に関するクラス,,,,,,,,明細行,UN01009665,ASBIE,387,ICL71,明細行税クラス,明細行の税に関する情報に関するクラス,1..1,,,,,,,,
291,,0..1,明細行税タイプコード,税の種類(消費税、所得税など）を識別するコード。デフォルトは消費税,,,,,,,,明細行,UN01005834,BBIE,388,IID297,明細行税タイプコード,税の種類(消費税、所得税など）を識別するコード。デフォルトは消費税,0..1,rsm:CIIHSupplyChainTradeTransaction/ram:IncludedCIILSupplyChainTradeLineItem/ram:SubordinateCIILBSubordinateTradeLineItem/ram:SpecifiedCIILBSupplyChainTradeSettlement/ram:ApplicableCITradeTax/ram:TypeCode,,,,,,,
292,,1..1,明細行課税分類譲渡資産金額（税抜き）,"この明細行の課税分類（明細行課税分類コード／税率）毎の税抜き譲渡資産金額（契約単価×請求数量）
契約単価×数量で指定できない場合は金額",,,,,,,,明細行,UN01005839,BBIE,389,IID298,明細行課税分類譲渡資産金額（税抜き）,"この明細行の課税分類（明細行課税分類コード／税率）毎の税抜き譲渡資産金額（契約単価×請求数量）
契約単価×数量で指定できない場合は金額",1..1,rsm:CIIHSupplyChainTradeTransaction/ram:IncludedCIILSupplyChainTradeLineItem/ram:SubordinateCIILBSubordinateTradeLineItem/ram:SpecifiedCIILBSupplyChainTradeSettlement/ram:ApplicableCITradeTax/ram:BasisAmount,3040,IBT-131,1..1,2,値引後請求書明細行金額(税抜き),Amount,/ubl:Invoice/cac:InvoiceLine/cbc:LineExtensionAmount
293,,1..1,明細行課税分類コード,この明細行の消費税の課税分類（標準税率、軽減税率、不課税、非課税、免税等）を識別するコード,,,,,,,,明細行,UN01005841,BBIE,390,IID299,明細行課税分類コード,この明細行の消費税の課税分類（標準税率、軽減税率、不課税、非課税、免税等）を識別するコード,1..1,rsm:CIIHSupplyChainTradeTransaction/ram:IncludedCIILSupplyChainTradeLineItem/ram:SubordinateCIILBSubordinateTradeLineItem/ram:SpecifiedCIILBSupplyChainTradeSettlement/ram:ApplicableCITradeTax/ram:CategoryCode,3310,IBT-151,1..1,3,請求する品目に対する課税分類コード,Code,/ubl:Invoice/cac:InvoiceLine/cac:Item/cac:ClassifiedTaxCategory/cbc:ID
294,,0..1,明細行課税分類名,消費税の課税分類（標準税率、軽減税率、不課税、非課税、免税等）の名称,,,,,,,,明細行,UN01005850,BBIE,391,IID300,明細行課税分類名,消費税の課税分類（標準税率、軽減税率、不課税、非課税、免税等）の名称,0..1,rsm:CIIHSupplyChainTradeTransaction/ram:IncludedCIILSupplyChainTradeLineItem/ram:SubordinateCIILBSubordinateTradeLineItem/ram:SpecifiedCIILBSupplyChainTradeSettlement/ram:ApplicableCITradeTax/ram:CategoryName,,,,,,,
295,,1..1,明細行税率,この明細行の課税分類区分を識別するため、明細行課税分類コードと組み合わせて利用する。,,,,,,,,明細行,UN01007174,BBIE,392,IID301,明細行税率,この明細行の課税分類区分を識別するため、明細行課税分類コードと組み合わせて利用する。,1..1,rsm:CIIHSupplyChainTradeTransaction/ram:IncludedCIILSupplyChainTradeLineItem/ram:SubordinateCIILBSubordinateTradeLineItem/ram:SpecifiedCIILBSupplyChainTradeSettlement/ram:ApplicableCITradeTax/ram:RateApplicablePercent,3320,IBT-152,0..1,3,請求する品目に対する税率,Percentage,/ubl:Invoice/cac:InvoiceLine/cac:Item/cac:ClassifiedTaxCategory/cbc:Percent
296,,0..1,明細行課税分類譲渡資産金額(税込み),この明細行の課税分類毎の税額を含む譲渡資産金額,,,,,,,,明細行,UN01013040,BBIE,393,IID302,明細行課税分類譲渡資産金額(税込み),この明細行の課税分類毎の税額を含む譲渡資産金額,0..1,rsm:CIIHSupplyChainTradeTransaction/ram:IncludedCIILSupplyChainTradeLineItem/ram:SubordinateCIILBSubordinateTradeLineItem/ram:SpecifiedCIILBSupplyChainTradeSettlement/ram:ApplicableCITradeTax/ram:GrandTotalAmount,,,,,,,
297,,0..1,明細行適用税制識別子,"この明細行取引の税制年度を識別するID
デフォルトは「2019」（2019年度税制）",,,,,,,,明細行,UN01014650,BBIE,394,IID303,明細行適用税制識別子,"この明細行取引の税制年度を識別するID
デフォルトは「2019」（2019年度税制）",0..1,rsm:CIIHSupplyChainTradeTransaction/ram:IncludedCIILSupplyChainTradeLineItem/ram:SubordinateCIILBSubordinateTradeLineItem/ram:SpecifiedCIILBSupplyChainTradeSettlement/ram:ApplicableCITradeTax/ram:LocalTaxSystemID,,,,,,,
298,,0..n,明細行返金,明細行返金のクラス,,,,,,,,明細行,UN01014644,ASBIE,403,ICL73,明細行返金クラス,明細行返金のクラス,0..n,,3120,IBG-27,0..n,2,請求書明細行の返金,,/ubl:Invoice/cac:InvoiceLine/cac:AllowanceCharge[cbc:ChargeIndicator=false()]
299,,1..1,明細行返金・追加請求識別コード,"この明細行が返金か、追加請求（チャージ）かを識別するコード。
デフォルトは返金",,,,,,,,明細行,UN01005707,BBIE,404,IID311,明細行返金・追加請求識別コード,"この明細行が返金か、追加請求（チャージ）かを識別するコード。
デフォルトは返金",1..1,rsm:CIIHSupplyChainTradeTransaction/ram:IncludedCIILSupplyChainTradeLineItem/ram:SubordinateCIILBSubordinateTradeLineItem/ram:SpecifiedCIILBSupplyChainTradeSettlement/ram:SpecifiedCITradeAllowanceCharge/ram:ChargeIndicator,,,,,,,
300,,0..1,明細行返金金額,"この明細行の返金金額。
契約単価×返金数量、または金額。
契約単価×返金数量で指定できない場合には金額
明細行取引類型コード＝「資産譲渡」を指定した場合は利用しない。",,,,,,,,明細行,UN01005713,BBIE,405,IID312,明細行返金金額,"この明細行の返金金額。
契約単価×返金数量、または金額。
契約単価×返金数量で指定できない場合には金額
明細行取引類型コード＝「資産譲渡」を指定した場合は利用しない。",0..1,rsm:CIIHSupplyChainTradeTransaction/ram:IncludedCIILSupplyChainTradeLineItem/ram:SubordinateCIILBSubordinateTradeLineItem/ram:SpecifiedCIILBSupplyChainTradeSettlement/ram:SpecifiedCITradeAllowanceCharge[ram:ChargeIndicator/udt:Indicator=false()]/ram:ActualAmount,3130,IBT-136,1..1,3,請求書明細行の返金金額(税抜き),Amount,/ubl:Invoice/cac:InvoiceLine/cac:AllowanceCharge[cbc:ChargeIndicator=false()]/cbc:Amount
301,,0..1,明細行返金理由コード,この明細行の返金理由を識別するコード,,,,,,,,明細行,UN01005714,BBIE,406,IID313,明細行返金理由コード,この明細行の返金理由を識別するコード,0..1,rsm:CIIHSupplyChainTradeTransaction/ram:IncludedCIILSupplyChainTradeLineItem/ram:SubordinateCIILBSubordinateTradeLineItem/ram:SpecifiedCIILBSupplyChainTradeSettlement/ram:SpecifiedCITradeAllowanceCharge[ram:ChargeIndicator/udt:Indicator=false()]/ram:ReasonCode,3170,IBT-140,0..1,3,請求書明細行の返金理由コード,Code,/ubl:Invoice/cac:InvoiceLine/cac:AllowanceCharge[cbc:ChargeIndicator=false()]/cbc:AllowanceChargeReasonCode
302,,0..1,明細行返金理由,この明細行の返金理由（内容）の説明,,,,,,,,明細行,UN01005715,BBIE,407,IID314,明細行返金理由,この明細行の返金理由（内容）の説明,0..1,rsm:CIIHSupplyChainTradeTransaction/ram:IncludedCIILSupplyChainTradeLineItem/ram:SubordinateCIILBSubordinateTradeLineItem/ram:SpecifiedCIILBSupplyChainTradeSettlement/ram:SpecifiedCITradeAllowanceCharge[ram:ChargeIndicator/udt:Indicator=false()]/ram:Reason,3160,IBT-139,0..1,3,請求書明細行の返金理由,Text,/ubl:Invoice/cac:InvoiceLine/cac:AllowanceCharge[cbc:ChargeIndicator=false()]/cbc:AllowanceChargeReason
303,,,,,,,,,,,,明細行,,,,,,,,,3140,IBT-137,0..1,3,請求書明細行の返金金額の基準金額,Amount,/ubl:Invoice/cac:InvoiceLine/cac:AllowanceCharge[cbc:ChargeIndicator=false()]/cbc:BaseAmount
304,,,,,,,,,,,,明細行,,,,,,,,,3150,IBT-138,0..1,3,請求書明細行の返金の率,Percentage,/ubl:Invoice/cac:InvoiceLine/cac:AllowanceCharge[cbc:ChargeIndicator=false()]/cbc:MultiplierFactorNumeric
305,,0..n,明細行追加請求,明細行追加請求のクラス,,,,,,,,明細行,UN01014644,ASBIE,403,ICL73,明細行追加請求クラス,明細行追加請求のクラス,0..n,,3180,IBG-28,0..n,2,請求書明細行の追加請求,,/ubl:Invoice/cac:InvoiceLine/cac:AllowanceCharge[cbc:ChargeIndicator=true()]
306,,1..1,明細行返金・追加請求識別コード,"この明細行が返金か、追加請求（チャージ）かを識別するコード。
デフォルトは返金",,,,,,,,明細行,UN01005707,BBIE,404,IID311,明細行返金・追加請求識別コード,"この明細行が返金か、追加請求（チャージ）かを識別するコード。
デフォルトは返金",1..1,rsm:CIIHSupplyChainTradeTransaction/ram:IncludedCIILSupplyChainTradeLineItem/ram:SubordinateCIILBSubordinateTradeLineItem/ram:SpecifiedCIILBSupplyChainTradeSettlement/ram:SpecifiedCITradeAllowanceCharge/ram:ChargeIndicator,,,,,,,
307,,0..1,明細行追加請求金額,"この明細行の追加請求金額。
契約単価×追加請求数量、または金額。
契約単価×追加請求数量で指定できない場合には金額
明細行取引類型コード＝「資産譲渡」を指定した場合は利用しない。",,,,,,,,明細行,UN01005713,BBIE,405,IID312,明細行追加請求金額,"この明細行の追加請求金額。
契約単価×追加請求数量、または金額。
契約単価×追加請求数量で指定できない場合には金額
明細行取引類型コード＝「資産譲渡」を指定した場合は利用しない。",0..1,rsm:CIIHSupplyChainTradeTransaction/ram:IncludedCIILSupplyChainTradeLineItem/ram:SubordinateCIILBSubordinateTradeLineItem/ram:SpecifiedCIILBSupplyChainTradeSettlement/ram:SpecifiedCITradeAllowanceCharge[ram:ChargeIndicator/udt:Indicator=true()]/ram:ActualAmount,3190,IBT-141,1..1,3,請求書明細行の追加請求金額(税抜き),Amount,/ubl:Invoice/cac:InvoiceLine/cac:AllowanceCharge[cbc:ChargeIndicator=true()]/cbc:Amount
308,,0..1,明細行追加請求理由コード,この明細行の追加請求理由を識別するコード,,,,,,,,明細行,UN01005714,BBIE,406,IID313,明細行追加請求理由コード,この明細行の追加請求理由を識別するコード,0..1,rsm:CIIHSupplyChainTradeTransaction/ram:IncludedCIILSupplyChainTradeLineItem/ram:SubordinateCIILBSubordinateTradeLineItem/ram:SpecifiedCIILBSupplyChainTradeSettlement/ram:SpecifiedCITradeAllowanceCharge[ram:ChargeIndicator/udt:Indicator=true()]/ram:ReasonCode,3230,IBT-145,0..1,3,請求書明細行の追加請求理由コード,Code,/ubl:Invoice/cac:InvoiceLine/cac:AllowanceCharge[cbc:ChargeIndicator=true()]/cbc:AllowanceChargeReasonCode
309,,0..1,明細行追加請求理由,この明細行の追加請求理由（内容）の説明,,,,,,,,明細行,UN01005715,BBIE,407,IID314,明細行追加請求理由,この明細行の追加請求理由（内容）の説明,0..1,rsm:CIIHSupplyChainTradeTransaction/ram:IncludedCIILSupplyChainTradeLineItem/ram:SubordinateCIILBSubordinateTradeLineItem/ram:SpecifiedCIILBSupplyChainTradeSettlement/ram:SpecifiedCITradeAllowanceCharge[ram:ChargeIndicator/udt:Indicator=true()]/ram:Reason,3220,IBT-144,0..1,3,請求書明細行の追加請求理由,Text,/ubl:Invoice/cac:InvoiceLine/cac:AllowanceCharge[cbc:ChargeIndicator=true()]/cbc:AllowanceChargeReason
310,,,,,,,,,,,,明細行,,,,,,,,,3200,IBT-142,0..1,3,請求書明細行の追加請求の基準金額,Amount,/ubl:Invoice/cac:InvoiceLine/cac:AllowanceCharge[cbc:ChargeIndicator=true()]/cbc:BaseAmount
311,,,,,,,,,,,,明細行,,,,,,,,,3210,IBT-143,0..1,3,請求書明細行の追加請求の率,Percentage,/ubl:Invoice/cac:InvoiceLine/cac:AllowanceCharge[cbc:ChargeIndicator=true()]/cbc:MultiplierFactorNumeric
312,,1..1,明細行取引期間,明細行の取引期間に関する情報からなるクラス,,,,,,,,明細行,UN01014894,ASBIE,412,ICL75,明細行取引期間クラス,明細行の取引期間に関する情報からなるクラス,1..1,,3090,IBG-26,0..1,2,請求書明細行の期間,,/ubl:Invoice/cac:InvoiceLine/cac:InvoicePeriod
313,,1..1,明細行取引開始日,この明細行の取引開始日,,,,,,,,明細行,UN01005612,BBIE,413,IID318,明細行取引開始日,この明細行の取引開始日,1..1,rsm:CIIHSupplyChainTradeTransaction/ram:IncludedCIILSupplyChainTradeLineItem/ram:SubordinateCIILBSubordinateTradeLineItem/ram:SpecifiedCIILBSupplyChainTradeSettlement/ram:BillingCISpecifiedPeriod/ram:StartDateTime,3100,IBT-134,0..1,3,請求書明細行の期間開始日,Date,/ubl:Invoice/cac:InvoiceLine/cac:InvoicePeriod/cbc:StartDate
314,,1..1,明細行取引終了日,この明細行の取引終了日,,,,,,,,明細行,UN01005613,BBIE,414,IID319,明細行取引終了日,この明細行の取引終了日,1..1,rsm:CIIHSupplyChainTradeTransaction/ram:IncludedCIILSupplyChainTradeLineItem/ram:SubordinateCIILBSubordinateTradeLineItem/ram:SpecifiedCIILBSupplyChainTradeSettlement/ram:BillingCISpecifiedPeriod/ram:EndDateTime,3110,IBT-135,0..1,3,請求書明細行の期間終了日,Date,/ubl:Invoice/cac:InvoiceLine/cac:InvoicePeriod/cbc:EndDate
315,,1..1,取引品目,取引品目に関する情報からなるクラス。,,,,,,,,明細行,UN01010016,ASBIE,415,ICL76,取引品目クラス,取引品目に関する情報からなるクラス。,1..1,,3370,IBG-31,1..1,2,品目情報,,/ubl:Invoice/cac:InvoiceLine/cac:Item
316,,0..1,品目コード,品名を特定するために付与したコード,,,,,,,,明細行,UN01005810,BBIE,416,IID320,品目コード,品名を特定するために付与したコード,0..1,rsm:CIIHSupplyChainTradeTransaction/ram:IncludedCIILSupplyChainTradeLineItem/ram:SubordinateCIILBSubordinateTradeLineItem/ram:ApplicableCITradeProduct/ram:ID,,,,,,,
317,,,,,,,,,,,,明細行,,,,,,,,,3400,IBT-155,0..1,3,売り手による品目ID,Identifier,/ubl:Invoice/cac:InvoiceLine/cac:Item/cac:SellersItemIdentification/cbc:ID
318,,,,,,,,,,,,明細行,,,,,,,,,3410,IBT-156,0..1,3,買い手による品目ID,Identifier,/ubl:Invoice/cac:InvoiceLine/cac:Item/cac:BuyersItemIdentification/cbc:ID
319,,,,,,,,,,,,明細行,,,,,,,,,3420,IBT-157,0..1,3,品目標準ID,Identifier,/ubl:Invoice/cac:InvoiceLine/cac:Item/cac:StandardItemIdentification/cbc:ID
320,,,,,,,,,,,,明細行,,,,,,,,,3440,IBT-158,0..n,3,品目分類ID,Identifier,/ubl:Invoice/cac:InvoiceLine/cac:Item/cac:CommodityClassification/cbc:ItemClassificationCode
321,,,,,,,,,,,,明細行,,,,,,,,,3470,IBT-159,0..1,3,品目の原産国,Code,/ubl:Invoice/cac:InvoiceLine/cac:Item/cac:OriginCountry/cbc:IdentificationCode
322,,0..1,品名,この取引の品名。,,,,,,,,明細行,UN01005815,BBIE,417,IID321,品名,この取引の品名。,0..1,rsm:CIIHSupplyChainTradeTransaction/ram:IncludedCIILSupplyChainTradeLineItem/ram:SubordinateCIILBSubordinateTradeLineItem/ram:ApplicableCITradeProduct/ram:Name,3380,IBT-153,1..1,3,品名,Text,/ubl:Invoice/cac:InvoiceLine/cac:Item/cbc:Name
323,,1..1,品目摘要,この取引品目内容を文字で説明したもの,,,,,,,,明細行,UN01005817,BBIE,418,IID322,品目摘要,この取引品目内容を文字で説明したもの,1..1,rsm:CIIHSupplyChainTradeTransaction/ram:IncludedCIILSupplyChainTradeLineItem/ram:SubordinateCIILBSubordinateTradeLineItem/ram:ApplicableCITradeProduct/ram:Description,3390,IBT-154,0..1,3,品目摘要,Text,/ubl:Invoice/cac:InvoiceLine/cac:Item/cbc:Description
324,,0..1,品目タイプコード,"品目のタイプ（定貫品目、不定貫品目、ハイブリッド品目）を識別するコード
デフォルトは定貫品目",,,,,,,,明細行,UN01005818,BBIE,419,IID323,品目タイプコード,"品目のタイプ（定貫品目、不定貫品目、ハイブリッド品目）を識別するコード
デフォルトは定貫品目",0..1,rsm:CIIHSupplyChainTradeTransaction/ram:IncludedCIILSupplyChainTradeLineItem/ram:SubordinateCIILBSubordinateTradeLineItem/ram:ApplicableCITradeProduct/ram:TypeCode,,,,,,,
325,,,,,,,,,,,,明細行,,,,,,,,,3480,IBG-32,0..n,3,品目属性,,/ubl:Invoice/cac:InvoiceLine/cac:Item/cac:AdditionalItemProperty
326,,,,,,,,,,,,明細行,,,,,,,,,3490,IBT-160,1..1,4,品目属性名,Text,/ubl:Invoice/cac:InvoiceLine/cac:Item/cac:AdditionalItemProperty/cbc:Name
327,,,,,,,,,,,,明細行,,,,,,,,,3500,IBT-161,1..1,4,品目属性値,Text,/ubl:Invoice/cac:InvoiceLine/cac:Item/cac:AdditionalItemProperty/cbc:Value
,,,,,,,,,,,,,,,,,,,,,,,,,,,
,,,,,,,,,,,,,,,中小企業共通EDI相互連携性情報項目表＜単一請求情報モデル＞,,,,,,,,,,,,
,,,,,,,,,,,,,,,【凡例】,,,,,,,,,,,,
,,,中小企業共通EDI対応業務アプリの「必須」情報情報項目,,,,,,,,,,,,"中小企業共通EDI
対応",〇,中小企業共通EDI対応業務アプリの「必須」情報情報項目,,,,,,,,,,
,,,同じグループ内のいずれかの情報項目の記載が「必須」,,,,,,,,,,,,,（〇）,同じグループ内のいずれかの情報項目の記載が「必須」,,,,,,,,,,
,,,「選択必須」情報項目。業務アプリが実装しない場合は共通EDIプロバイダがデータセット（デフォルト、または補完データ）,,,,,,,,,,,,,●,「選択必須」情報項目。業務アプリが実装しない場合は共通EDIプロバイダがデータセット（デフォルト、または補完データ）,,,,,,,,,,
,,,ユーザー非公開。共通EDIプロバイダがデータセット（デフォルト、またはデータなし）,,,,,,,,,,,,,△,ユーザー非公開。共通EDIプロバイダがデータセット（デフォルト、またはデータなし）,,,,,,,,,,
,,,すべての業種に共通して利用する「共通任意」情報項目,,,,,,,,,,,,,＊,すべての業種に共通して利用する「共通任意」情報項目,,,,,,,,,,
,,,利用しない情報項目,,,,,,,,,,,,,,利用しない情報項目,,,,,,,,,,
,,,適格請求書に記載が必要な「法的必須」情報項目,,,,,,,,,,,,"iインボイス制度
対応",◎,適格請求書に記載が必要な「法的必須」情報項目,,,,,,,,,,
,,,同じグループ内のいずれかの情報項目の記載が「必須」,,,,,,,,,,,,,（◎）,同じグループ内のいずれかの情報項目の記載が「必須」,,,,,,,,,,
,,,「業種固有必須」情報項目,,,,,,,,,,,,"業種マッピング
対応",◇,「業種固有必須」情報項目,,,,,,,,,,
,,,「業種固有任意」情報項目,,,,,,,,,,,,,◆,「業種固有任意」情報項目,,,,,,,,,,
,,,JP-PINT対応業務アプリの「必須」実装情報項目,,,,,,,,,,,,"JP-PINT_v0.9
対応（参考）",☆,JP-PINT対応業務アプリの「必須」実装情報項目,,,,,,,,,,
,,,JP-PINT対応業務アプリの「任意」実装情報項目,,,,,,,,,,,,,★,JP-PINT対応業務アプリの「任意」実装情報項目,,,,,,,,,,
,,,JP-PINTには該当する情報項目はない,,,,,,,,,,,,,空白,JP-PINTには該当する情報項目はない,,,,,,,,,,
,,,,,,,,,,,,,,,,中小企業共通EDIプロバイダはBIE表記載の全情報項目の実装必須,,,,,,,,,,,
